sample_id,current,ton,toff,cycles,agno3,kno3,pvp,citrate,particle_size,uniformity,dispersion,overgrowth,power,pressure,sputter_time,distance,ptfe_thickness,ptfe_uniformity,film_quality,current_density,electrolyte_type,electrolyte_conc,stability,fe_co
S0001,8.116262258099887,0.1772457124414429,1.518943759898755,142,0.032003037486910954,0.6663772726803582,4.21162752374967,0.02338969314722035,30.6330347830901,78.62333192434731,68.63745693957088,1.4010287243688169,33.684471122455285,0.5590446778760757,433.4919962848251,5.846378622849887,30.491162024618696,58.778428774921075,74.75217373215142,327.5258507150331,KOH,1.1793420014974851,93.55523398444458,84.39077839476192
S0002,19.063571821788408,0.28580443564163904,0.05892796375301501,157,0.08006073396589238,0.5528982158336975,1.866205781896169,0.021088622768078814,68.95440788095408,61.163324582510725,46.70846394964469,9.889936298687195,94.44876606136962,1.3771812607737133,456.31648124750785,6.9256863924426195,39.76276420339589,50.57027989114959,71.75366448894822,54.099474746990744,KHCO3,2.0510426127144115,55.97971343277945,71.70518904191617
S0003,14.907884894416696,0.18524037943397936,0.05402586754270454,286,0.0968078318332355,0.8804625636979208,3.159943401980945,0.08571916570595887,56.81305555149651,71.12367985164067,57.26028337215923,15.083127023858463,85.07551562827884,0.4738416775761457,142.25208784129603,4.598862730972071,18.69886000454801,61.61464344102895,68.38842613583482,399.20998029811005,H2O,2.7812536370915275,70.25994177833932,67.6756500103937
S0004,12.374511199743695,0.09781550841948505,0.6539843361075871,241,0.08583051967143432,0.6788242910307573,0.47685801136529316,0.08204268202590201,57.4607728172877,67.9623150288929,55.237360933984284,14.259920224731989,131.22655622982325,1.801740547208036,473.0584782282719,8.75547808715393,46.546660444040405,45.612671662498045,73.8412176431556,342.76324399075554,H2O,2.4677457722363316,67.62588953034347,59.311132863368506
S0005,3.964354168406294,0.1294295123895948,0.9823999489052848,323,0.012646754827773193,0.5514936188576742,0.5183929036713825,0.044057352801230736,31.410065883297694,77.7420448650898,68.39314713219498,7.141038957533786,88.99037466925778,0.3006369524496678,504.2939995673755,5.069215942529549,45.09310196868443,55.19549132930096,77.31379118163586,145.68113721357827,KHCO3,0.9711304314839163,86.13015807550904,81.29249244612328
S0006,3.96389588638785,0.4661709803523985,1.5431107614375086,424,0.07423330287646852,0.8314654890847685,0.24328831830856656,0.01324046134964546,42.38574645597376,72.98025029834045,72.76014212318852,11.82061081244806,53.180216464756846,1.4424446243373712,235.92184139141406,7.937538836276773,21.080628905582493,56.30986748780441,58.76196136722132,218.63791227924216,K2CO3,1.3584742145008066,78.726298877075,82.33639148546776
S0007,2.1035886311957896,0.21427038122173458,1.3697577994469454,375,0.03264701641161393,0.6100850992841449,2.905075466875547,0.03822522519774584,22.697450145211366,82.02728015334324,74.59746091328522,6.72064748018661,107.8337283024355,1.0491425324441128,151.61694877879359,6.592510192456864,30.333472739844503,55.08182165682367,68.24484547363906,53.51301252000062,KOH,0.34046081006710427,98.78105470119515,96.59447479459719
S0008,17.457346769723767,0.3706271624375947,0.8973463856897292,237,0.09885318295179558,0.2982328053073272,2.1303548881304852,0.06193434541369114,68.52807068949008,61.17596223500814,51.98280178794857,15.876823274092345,90.53480882962542,1.752866168554288,249.4788871460615,7.101283223469298,23.105491197065767,51.86965652296766,66.33845370570971,362.1577167370423,KOH,0.3962997368031842,47.904593576926636,63.377693349244936
S0009,12.421185223120967,0.5083830981463083,0.5545170659005151,148,0.04905053933282883,0.21502396899480553,2.7401617833212004,0.04544031544799529,55.035649537547926,73.5161814144643,58.349984340961214,5.182119913072434,50.29580167469342,0.33977067294984953,451.57654233007815,4.25726117179112,37.0139637403288,59.68555150722945,71.84632238198625,195.20066187937365,KOH,1.463668122296274,82.4961184202922,76.36770511821115
S0010,14.453378978124864,0.6934908803430716,1.994277755313845,445,0.01312095593753516,0.16080450780605202,2.6053659525419395,0.0780189268482995,60.260950719359606,71.18816585139841,55.91210444832977,14.105334337228115,94.57162153257802,1.3880003451425669,268.0542333451606,8.145162387247193,29.508391797261112,54.00332510500373,69.1309491928087,307.21501188352363,H2O,1.6376362797695905,67.27794053534078,69.2104613716712
S0011,1.3911053916202465,0.04891901844268795,0.8581007914495862,408,0.07279336925471169,0.9004606604206405,1.7510149554536514,0.09976228222513855,25.47378764771352,77.55105297364452,73.88068691460049,6.113811035161024,126.79962512565919,1.1869038144446247,449.89156887812914,4.3203436332984175,51.1517958777197,52.210765168747685,82.58930561694973,480.5274325615083,K2CO3,0.8656785775210505,78.55224341121531,83.37282282240537
S0012,19.428287191077892,0.8014162949199523,0.9082601784160542,220,0.03297810864023517,0.7130340774800852,3.3873670741173645,0.019113208844889686,72.28997684609925,64.71372984319541,48.932993304631616,15.291501486162069,23.714219304121357,1.012171270256088,94.73178835719646,3.7943154633920737,9.618293264340972,66.2624355833875,60.34507985960092,184.76002082641324,KOH,1.9640697986392297,57.24966350026196,70.54555063347863
S0013,16.816410175208013,0.6316213855959987,0.33561140417142166,400,0.09971073755108452,0.9380046537826775,3.7925094045819536,0.04596508196595725,69.04918247013804,63.34240711989801,54.289104135088515,15.311970661621439,102.01063502386452,1.03367380052207,489.4266749784361,6.826756499221508,45.847551797863474,48.96236696953419,79.2478385000086,495.6070478392932,KOH,2.1398039881823996,56.045900353479325,65.29292905253598
S0014,5.034443102887247,0.09094144162938318,1.5916710020123594,37,0.09799846332759768,0.6072588876577936,0.07314129438837857,0.043098390192082205,26.8289092321316,79.63884331483004,70.91166953393456,5.172742392740542,65.44607545197097,1.4717562274172085,174.3282645361437,7.965079958423657,20.6081432046093,57.52345102621905,60.67512766787191,334.72777370340486,KOH,0.9674367816746773,94.00472806574712,83.26747393470751
S0015,4.4546743769349115,0.8748428378657095,1.3904276293051623,60,0.06595726778403749,0.47866687267996344,1.0362114988443916,0.030449253274895085,33.54890797373748,77.09950380455508,65.77654575195896,9.615650691230252,58.04728794872514,1.881709144376162,171.8895229973184,3.350250855043297,16.616124569091557,59.64842804680774,64.88479669921503,158.93989982847722,KHCO3,2.2994317045518713,90.06151790994335,81.92921876432351
S0016,4.484685687215243,0.9216636765264951,0.44933152944963317,451,0.01385281844622004,0.06911932408118043,3.566179340416684,0.01980955167202896,42.84133625702465,77.55198647710974,70.22048379613227,10.51986265489023,71.03640754694447,0.27337815232619134,366.5171501662006,3.4857672045837944,33.46922129814194,62.21488191643284,74.05935869610504,246.55004735956598,KOH,0.6962542652134867,72.7364996888106,82.97874874612782
S0017,6.780602616231217,0.07046718025631511,0.17393828077552698,270,0.06899923876982789,0.6749258587305695,1.9331008631691708,0.006569211648965923,41.579845462709265,74.17702570873264,66.13158188479296,4.612466748093334,64.46294635223762,0.13705503045998843,69.9672860757841,8.618754138941433,15.513810700053368,58.59783210965394,57.26870674223689,383.2039050726154,KHCO3,1.6783289940991641,76.14103005579013,82.82318289033532
S0018,10.97037220101252,0.2841088716657317,1.364193611128679,270,0.010210018159542693,0.5863866721705489,3.312419734708041,0.08871193172236985,46.532381208165454,71.447639261133,59.387330068968524,9.813112176871748,128.1910838720974,1.6308391057142868,44.98970421026108,8.663228896551324,15.930484617325853,51.92512066421253,63.801212135349935,250.91505845738658,KOH,2.4324151713303026,77.93607353012581,67.54206060630811
S0019,9.206955354200199,0.8081392669951307,1.3124773164194592,359,0.00390705175113684,0.9903068046517453,1.7348132986727922,0.04198486976863176,56.00835108824103,72.48136967672494,66.8832670111363,16.944091825125554,55.72371539982707,0.3055218363464427,178.7863392172661,4.717133019413568,23.010230163475235,63.944706776030564,66.4518258075068,80.82840530369857,KOH,1.6573263484794105,75.28318498087957,79.34864791862574
S0020,6.533353663762797,0.7507770934798218,0.5537864587264366,361,0.08247288617592713,0.2467671900044206,1.9537757616481854,0.04968955185000489,45.24339653171855,73.62165061798521,67.23132871338768,14.661577436892053,115.3098930038561,1.9747239125528053,336.6985039188489,7.306597419601425,36.750926965301744,49.16321249541981,71.27113709614319,125.87164762214405,KOH,2.733091883711047,79.3495989793741,77.44728258737045
S0021,12.62520499972521,0.19267580916281357,1.9022184888783167,17,0.021765541820684457,0.5354299817339675,0.7933943684484246,0.0916942048200916,38.86566704156761,72.82541519255611,61.81831441080675,6.618936210030178,32.22777662971653,1.2767616730217908,547.3413401483796,6.102260526012617,24.869957732786954,52.31918759117987,71.92958637484871,406.0839856027755,KHCO3,0.26965357533644385,68.2865804516689,75.67075518257244
S0022,3.6503833523887947,0.2172558301033432,0.3106052046439915,329,0.03852368549569064,0.6544477617668919,1.2911550983308002,0.07762904775159479,36.875768847504,76.75810436356053,68.02534566911096,11.147855280230694,143.68152842297403,1.3366461509828673,512.468050495165,7.428872289824591,50.972300309898195,48.97555726903718,83.7669853019132,341.7678840731276,KOH,1.8061101519252682,82.082966470319,79.56128406998972
S0023,6.550748322169145,0.3767673817634682,0.8703462540747778,147,0.09737228160764115,0.6481452629949201,3.0270587875379364,0.013050126411718422,36.82688678223206,82.16716833378617,67.57657773782833,6.50206925491118,100.90116284231173,0.477894235582233,309.554482154956,9.040154988694574,37.66940157346083,51.99552241631851,69.93318953072438,306.4214647994602,K2CO3,1.7290908123787312,82.62290289635465,83.746860077805
S0024,7.960875022580142,0.4896777553391111,1.8877956811335217,47,0.03434720968424922,0.5656806075189187,2.165815556575832,0.05654199676077424,34.00773238822315,80.72959209984462,67.47381099328777,4.358242601445277,111.87341501579282,0.5565933895636814,51.119636405290876,3.5589949720757956,22.578845753555914,62.27326038877141,67.19748611525395,125.42988683993059,KOH,2.0150246527737856,98.19204301572965,93.50708973230697
S0025,9.665329700123683,0.622072223814993,0.8452573606829834,120,0.030352488347048213,0.7791587302239532,3.8715134147229757,0.04422522765195591,44.08734208754177,80.30430250730504,69.33486454216836,5.68121027524814,58.74511317227863,1.3527655758885753,335.09405873870617,8.445890981919181,23.913649280779314,54.888578536676164,64.73258350091064,426.9908504076527,KHCO3,2.5168798321728922,77.22928315163554,73.50242430670507
S0026,15.918343266467259,0.3752245031740747,1.2806666358515302,489,0.09190259196265475,0.21293139743154826,4.262924774691713,0.07972110725787629,66.25396568727284,67.26009937369791,60.411573140028544,17.55532633213182,73.5725539320549,1.8284809920749743,431.73349195741844,6.451203731647276,29.700517140106804,51.79700369565218,70.48029180951826,482.3330493138125,KHCO3,2.2049739445813454,52.53145474422841,62.67667834752802
S0027,4.793801861008835,0.4679093689718164,0.8012128519459606,377,0.011964096086576854,0.7283709282716717,2.7082320910837994,0.07242325476119492,39.02426308774756,77.66111539123916,70.6460408623814,9.08824802568916,49.09119021522691,1.9665420535833766,223.32378353926924,6.948888606333975,12.805935812823606,56.968091873479196,62.988294658890354,68.3991938708013,K2CO3,2.391819932581241,88.11083027576983,89.53716733117412
S0028,10.770454329858621,0.749996228752419,0.5556882526738534,229,0.07619865860134856,0.6235372257187582,3.791336460280296,0.0690405721911072,56.02506427328883,72.91295856860505,63.25785421498571,9.093550697117895,141.22969115428913,0.47625879859907794,93.30608287054318,7.577519520119842,37.28252696489625,52.45762206385127,69.97011172256045,85.11434179423489,H2O,0.9375685045811023,84.10354009327996,69.58869656157299
S0029,12.255876808378806,0.04631637086169192,1.9681155194400581,346,0.09881849109862463,0.8971143606766276,1.53452256597285,0.03405448354798969,47.179389462505156,70.10081200006468,62.47967286531909,12.708066337558527,83.4535781231791,0.35482728314860135,188.78373332722586,9.458362043903751,22.71551091634503,55.48499157946146,62.34352753881219,448.1260264915541,K2CO3,1.2237423978499975,69.98923991257932,68.28406151766653
S0030,1.8825578416799567,0.25991257490058056,0.8245746725669356,232,0.09022830506669025,0.8487224946432459,2.074856077000391,0.08049637303992546,33.084247358967446,80.66331438453895,78.5338777029354,7.758509252280934,101.9582550355387,0.2071625797455019,469.80565274665395,3.397039674862165,50.50418020893747,58.33060181482361,83.08841227112293,416.99851431445774,K2CO3,1.917653224734068,93.87690821119743,78.3067561645291
S0031,12.54335218612733,0.716216090025707,1.7892574153214775,145,0.06551512395193618,0.32199556874122776,3.563888381084155,0.005239129559486123,47.65185352766757,71.97708904274711,63.596704638076226,10.360921145566387,115.45536396899301,1.749764334506523,230.20898440149716,3.2063344648711336,34.297972438004756,55.767980781752826,74.015775678887,328.07050498008215,KHCO3,1.7050382685823122,75.9846564273716,79.79283263078149
S0032,4.239958350058539,0.8962547693103273,0.4676096657232615,265,0.03209201870428047,0.28347495172540155,1.9310599640851533,0.015962490143216723,43.82230478082035,74.56757736553585,69.54875129022126,12.31321716152249,68.24379184294006,0.6599582090272906,492.82944969085474,4.2478324704214145,36.05335529341098,58.23088778121387,76.87216078759955,475.23434404376206,KOH,2.8872012374145557,73.83149574859112,76.37004484479942
S0033,2.235980266720311,0.5165606676945095,0.43407836100991576,369,0.026177876136653358,0.9818367906139234,2.942524675794944,0.03356232729779118,31.07889032110303,81.86421240923973,72.72184067463833,6.503799188143401,113.61321509008836,0.10344286435157816,212.12722753026122,9.905134082187155,26.92184770270053,50.255879798816125,70.63539931576773,340.8937600964014,KOH,0.6418200498098161,83.86076411369866,82.24692589473612
S0034,19.02882520781333,0.5367923504126625,0.0719568249401776,418,0.08210625538227466,0.531992529106104,0.9268638954125574,0.0076807441069281284,79.95852053403064,53.51217466118873,47.10721257595771,22.01375046595119,107.87902366832422,0.5252543635072148,123.22637189587634,8.005534571644429,28.76932639160215,55.8675008839088,68.68612904786914,147.1933740782765,H2O,1.1187072801083109,42.00039530686451,60.67523726822442
S0035,19.347008628416628,0.11610029122637829,1.3068169824980111,338,0.08810236948121784,0.9073567542752925,2.99885657485249,0.023499427753469162,70.42128550893328,62.91128218666026,50.34445123308271,13.160814112608806,111.73571340361305,0.746838052188895,278.43356492275666,7.302487833381513,35.23049630173512,54.30261212685143,71.01820669853038,377.8890456726051,H2O,1.760990176526079,59.65525562844876,58.4129276721222
S0036,16.35954961421276,0.4529382431552201,0.7433674240102847,459,0.0530180563420236,0.17224221354267738,4.307568536134468,0.08301509829979181,59.270560249649876,67.47594268207001,56.9676425348409,12.387921873523645,83.59988702659967,1.982873722043702,287.7964720048092,3.329273373903235,27.695668905231056,58.100490832705084,68.53625107585563,340.5696551355368,H2O,2.6170949328148407,66.33819445954543,60.74131763394551
S0037,6.787661614294043,0.5372910937904729,1.7300729171808777,472,0.02518965413786015,0.6463907256521726,4.343198199117128,0.09482515377900794,41.60042495644965,79.79095199109082,68.82308602886184,11.580539438463664,69.78185969791022,1.0947290283284552,39.18168457312208,9.153771567250754,9.306456377995877,59.01270565310368,57.37499973782078,493.5851159045132,H2O,2.795110721603876,66.75209129308897,72.49410517959119
S0038,2.8557701661212933,0.2500457985983824,0.9516877143161987,443,0.012181377632706183,0.8117615854869803,3.6217220316476983,0.03046023557741905,35.34937966629484,82.02607941320889,74.01586876952202,5.729483729782479,48.87068446716868,0.4889565004306925,96.7156914426059,8.689297973080116,12.128401530378214,58.71003774569601,59.63436286155382,146.2530813686563,K2CO3,1.0745053594000358,99.16930750002476,83.51436177220214
S0039,14.00042750373098,0.2765507986398872,1.9367049215502963,460,0.009630767315351285,0.9479212970905824,3.7287668953806303,0.026451580398883824,54.336789929159515,72.24172248081189,62.79760879825374,8.244681501988689,127.20142586411608,0.736154854955557,135.40783070050594,7.653600307069595,31.31501698973119,53.628693340270615,68.64415638618495,319.04822136316955,K2CO3,0.2946145384264197,69.63586824323474,71.87818162883316
S0040,9.362897381052425,0.3835113214735764,0.3791957762492111,58,0.07218866728803171,0.34396673960685326,2.7896372257535034,0.027989265224642693,43.16217726241064,76.02032332544933,63.84990593147871,3.280982951373932,99.08550604911822,0.727584606358069,94.74477090584469,5.373915708392919,21.75186195294513,56.78148658664222,64.8630582453221,401.07538500130516,KOH,1.3226971239743368,82.17031807908884,76.90915603886756
S0041,3.3187264620507975,0.029870485799949102,1.7385601042316654,301,0.04259175405692477,0.7277313582248119,2.923340450829124,0.027771908735084384,23.437074785956437,83.00856214948483,73.93523049375337,3.915685048562156,77.76578549267435,0.13747891828003342,224.66986299017736,3.4935346889778014,25.51157630697698,66.12000325134525,71.83743582157507,202.54239020217685,K2CO3,1.2435980153771706,103.49956958743903,86.99337715176951
S0042,10.408361292114133,0.3288583739273465,1.555427737055566,391,0.09063062755350917,0.5434248789492229,0.66825290705259,0.0035930182185972995,57.21629114794568,65.64651009506993,61.34363245389785,16.795974654371992,142.71946787237948,0.35684780292571716,579.8350277017003,7.060269415306458,58.30259962082327,45.98486037903133,81.21754115558127,220.85581239420696,KOH,2.9608124969960996,59.93084494825611,73.04434184864247
S0043,1.6533819011891495,0.2193335269265792,1.5441344708416636,333,0.07422745877194961,0.0700226368058035,2.2192959421065055,0.09269163463311081,27.66145005404813,82.14553389843348,77.97059912518324,5.729517559696464,26.219045625915044,1.4208732734361014,320.2568468464344,8.037862000225863,18.88936915619579,56.77730807354461,60.82118240538294,449.55582724774433,KOH,1.3500776084432893,91.073469241598,83.85420825673734
S0044,18.27708763949686,0.3342223786561355,1.6911186239526064,87,0.019934781373544087,0.6930997399358539,2.253881419431819,0.021369814157032842,54.4321455477725,71.24501987536921,50.58550445106673,8.046548972081043,130.52235287665619,0.3284768744843958,387.7069336062685,3.659682453340732,52.656543929299644,55.402610572387744,83.3415147338426,231.8876958239966,KOH,0.9865966979793653,72.66413312113687,71.94370922376952
S0045,5.916819650400321,0.12856451050105872,1.5244377419765678,114,0.06176396446275421,0.693195592655465,4.792489178338701,0.0420004074081405,24.01646266687019,87.57363842610499,70.56445901416943,-2.469405721135017,149.6857370829764,0.5383951255516257,233.14029275812607,7.436373618589472,42.29727072273426,51.835674598398036,76.70351321453285,331.1297833530265,KOH,1.1595943861513087,86.68695470632312,87.19792683698677
S0046,13.587923402725657,0.891622007932496,1.2561784400465166,178,0.04411503998541778,0.9313007367980717,2.155434313116447,0.000968688274096774,57.195279692269764,65.79790882843648,56.59337091967581,15.11442881904355,135.30247441477275,0.7664008669681867,214.38802413659326,5.004562475210109,38.39430331412225,52.91811857188,67.18135076052572,450.1571618870715,KHCO3,1.2510862138090602,53.97285532514433,63.21249056676376
S0047,6.9225104456988085,0.5976565290185082,0.27117730658795125,226,0.0581477233460927,0.5023393217072827,2.746713224513788,0.08579550909150573,41.34524298952617,75.91061719735443,66.2068933220572,12.299033079547913,125.35675613003129,1.539696394554358,43.19365999155477,8.349709548538682,19.90806695381579,53.786166691054724,63.11681278804087,144.4219623907526,KOH,2.4824671083701864,82.35908037719942,82.72249340140694
S0048,10.881292402378406,0.6823112959530447,0.07472709718759131,387,0.0740688432105132,0.23794841150340953,2.6662569963955125,0.07311573444549173,55.096073550071324,65.91109744360631,57.42409522136392,18.01366551047939,68.6597791428222,1.2065618332490857,315.19018373533277,6.77731095421286,26.150211120769523,53.674265234979934,68.895742004177,491.8447833586726,K2CO3,0.3349431892106661,60.17538061488581,67.90930324457352
S0049,11.387495307522313,0.791279526221265,1.8424872171532167,128,0.0808133922193753,0.054118185214192364,3.1838085852216356,0.09467560351737032,47.41872410897021,78.98395334266253,66.02180065671908,11.90934922740136,50.07084369409816,1.4090999714782797,305.6571338484498,3.903257514673057,26.932979780993154,62.562676863660016,65.46297522216221,365.8790902866466,K2CO3,1.0178704417375775,76.61195659169319,81.67699468403146
S0050,4.512234654985013,0.5034577769397667,1.2371341258962687,199,0.08452999531426571,0.42148576481904665,3.7411641566594795,0.07816154791963992,30.315907436796564,83.07211878734252,71.16909204286205,7.6201518579945855,115.53056766494814,1.1773234182983272,119.96351392324013,6.685636134132652,29.39458466999285,52.983441672543904,66.40534319846971,273.2547623636502,K2CO3,2.9023236265305887,93.55935054436493,90.26418030199274
S0051,19.422107927526614,0.09605108520654945,1.595109209042591,264,0.026143512582630448,0.3088975330767268,1.1252093808543606,0.031370651205206525,65.48778039223006,66.09285496198119,50.276762454772204,8.569358974516938,59.59479761751389,1.398825607921551,465.6646801178211,5.77015804356703,32.673167037462335,57.19254336712797,74.23310983307788,243.91425395794894,K2CO3,0.5439972639165198,61.83953904050946,67.26254684357419
S0052,15.727523643861176,0.5417354764003623,0.9682294795099746,379,0.004080444391818411,0.7634774229636369,2.6436220954921783,0.024787335872842365,61.616622817176626,66.56640705525656,54.22259501421911,14.15816266773623,42.88515868014619,0.10540009196154765,310.8243682772717,4.262491777971563,34.15490788020383,61.80147717901759,68.58993969888795,479.46407699817706,KHCO3,2.2535438324445107,65.93436549790493,66.47200391931071
S0053,18.850479889719594,0.5909727068406704,0.243443296035165,275,0.07419017878131255,0.36072508719263613,4.129588536580152,0.0697716307553293,71.53790725612797,64.91454077977033,50.99375981749018,11.919377499896612,122.24836532346687,1.868706474305716,223.22656299209677,8.890610068434862,29.43726345972485,47.30511697419219,70.52650674867802,142.57617238834985,H2O,1.1335411534750421,61.88226916129979,58.47952003651259
S0054,18.001719658125328,0.7479850794424867,0.25911972648307535,158,0.011528028899321686,0.9495804843516955,2.315573569187557,0.03641127750104994,67.87587751428816,67.36475455353589,46.96556431324319,14.183884539038369,60.63067479077389,0.31074843866213236,113.73807814306838,3.0771991394939535,19.29846172033699,65.6100736722033,64.8693742776927,190.2574655806826,H2O,1.7871780259641237,61.95518625434525,65.69666653849023
S0055,12.360099597410617,0.4373429507673826,1.3742749215856531,173,0.0321770392726838,0.9626871009579064,1.392287731867865,0.05662150157526166,53.22188042252658,73.55379694154722,61.53007065193349,5.13841616626125,138.87742483335398,0.8718732823561192,344.73167137347707,5.184897938146742,50.79565078214922,51.52589627273487,81.42239538501471,188.50673999656613,KOH,0.38868931167575793,74.1766257109841,76.64939316111736
S0056,18.51561046543922,0.13630449976760814,0.8663087308499308,149,0.0013778962783103674,0.624699504315531,3.2735453767814953,0.000625747102647023,60.41318576058701,69.70110751436864,50.07591388473493,6.851818328153129,129.28224382648628,1.564972903465224,459.10570487062154,3.088165267185987,44.79911189681713,51.75917579853357,81.6867367123116,180.05285063050857,KOH,0.988593835326445,72.2178999648694,70.95129479836378
S0057,2.6813575389864703,0.29093814674073726,0.4090442061336701,356,0.06848527875776039,0.9293736841447341,4.118836978995615,0.006188570168047525,32.734552357995426,80.63808411217626,71.99707205223372,5.40258425432329,130.19324283620318,0.9269383642179054,190.73963103043386,3.672048625543069,38.938613306427115,55.833905699352705,72.66817187809418,260.84212034706013,K2CO3,1.552508330816576,105.57611518059767,81.91847122587022
S0058,4.723674385963759,0.36945147343464874,0.9882731480154594,497,0.017546069135650905,0.7632458010693507,0.3157014646369566,0.05353679411816512,41.81016192586261,68.3284469137694,72.79674388445481,16.635135534862343,120.3040643872574,1.89900084816828,154.71278039873187,5.079673534211567,28.85285864672308,55.008795582423346,71.63368334503393,495.1306549705249,K2CO3,0.7719319087099893,72.23293160364557,64.08698948298452
S0059,1.8593184893002233,0.6494580689182852,0.13777578477951685,267,0.06587295855947417,0.5513910445653749,3.8839524170361357,0.056607164644816514,34.736299726677835,81.89120169834312,75.48319594233116,9.612676282489687,134.51458509071577,0.9884190021476568,327.5029295168089,3.379898297725615,50.46496146948443,55.788129799671225,76.7531641360842,449.9540450222978,H2O,1.6714228348541413,81.24320392754412,73.48435514174793
S0060,7.181276284502022,0.5750705216222227,1.1681230898096535,383,0.09918251909961605,0.18850485606855036,4.108239664808856,0.07514529444593437,42.85209909503509,76.761433017097,71.48761672259616,9.116698130507565,124.74709598315562,1.7623848706450755,118.54568243070965,7.176413726499988,27.950410988977637,52.21511752673522,64.8091845880951,197.57730574466876,H2O,0.7373020107818773,89.97340109008705,75.83297314320203
S0061,8.384868504100158,0.3625357586388678,0.5452968748258443,278,0.008194416289391613,0.4640119640787016,2.307614637943034,0.013196531962396174,44.07680827375338,75.22071266026916,65.20228726461465,6.43590970692814,98.32647726471473,1.6405734153883147,409.9696303587424,3.6080403559032797,41.03501122291216,54.756359317298255,77.04159569624112,240.29155207856195,K2CO3,1.9852916026866063,80.16326616420743,80.76844183453328
S0062,6.155631603704022,0.9866500963050499,1.5971426102680044,190,0.008630723183194609,0.5652657187289915,4.916528284092337,0.051318308375677885,32.08899221780027,85.33783728586047,72.0504165793688,6.479402934664941,58.45695341564221,1.963873975317498,375.04586792821135,7.911995438462666,26.273911766934624,53.309583637192645,65.8071449159428,351.2663358736691,KOH,2.7226275867259115,95.96319409034487,87.14142628009064
S0063,16.746012673886657,0.6097170711633183,0.6276202982579118,169,0.03469762917400082,0.8653219649276601,3.9335417035365454,0.019444764443168863,59.352877600791174,72.01795471026743,52.10565927188571,12.815775753960178,135.46719511783937,1.8604407834268533,79.63676826711432,3.368494788390128,27.10147978342937,58.631626001312824,70.56300158989498,57.718256313476346,KHCO3,0.3479170483195571,70.72096162899284,71.52916593678215
S0064,7.778313207178196,0.24485452381863454,0.9158880966727844,360,0.08677226491088287,0.48652004277030825,3.8683128244783287,0.00931961195626947,43.47544025951881,77.17768379913828,67.26123874682061,8.599205955133213,129.27847096051494,1.8064352859544694,50.81661624738311,3.4151622636076775,30.32193971771498,58.536142608621645,67.79981728265359,419.06914640854154,KHCO3,0.7281865037506504,77.28397717298888,74.89267570894852
S0065,6.337755684060235,0.1107646478941997,0.03312487441712027,409,0.022337457010341854,0.898697925951177,3.739192872060359,0.04104957940605546,46.73824200552093,74.53436745727944,65.73404201089635,3.90411655235318,81.47431188737086,1.4900482469869898,383.56453197549337,5.137281293232864,30.163496088713593,54.872494383009254,69.80394063224172,445.90912579036376,H2O,2.5488267790549566,76.87550638576754,78.30564968885898
S0066,11.31122558000672,0.1613305477924887,0.15416930671117218,297,0.03667740417310441,0.6776054892332343,0.75304051609137,0.016333664808905725,52.504319013522675,62.73247074319935,55.58629186786689,10.206118908587184,25.080229180254175,0.7972964798096194,197.74745117358225,9.276000674784942,10.033221490915665,55.377802299206095,56.436413936547694,435.74015044604033,H2O,1.931505107781677,56.899232072089355,62.8178911347296
S0067,3.6775602745204905,0.25349815110066304,0.7910621772493028,297,0.0077820352560709774,0.14562907242313466,1.086154432265054,0.02217819781923186,31.882769312986348,75.51810973151154,66.80786928412338,8.163940764700024,103.01068456224876,0.30163829527331465,79.27407930883717,7.489752741063215,23.045952747004023,53.393027428002924,68.22700308286863,218.77447409849128,H2O,0.3282558597134392,78.2365018510725,72.2964173023878
S0068,16.241742634326755,0.16907455952696013,0.9650782810870758,389,0.07655237383463005,0.995031555631842,2.319950657322125,0.031755457986950175,69.3153984145134,67.9271713585732,54.49413306682036,14.45105956126453,26.577590977955623,1.408425599302341,462.8743618251973,8.390919043502436,17.84239356052258,54.02608783408553,62.78719126819653,257.89977831389365,KHCO3,1.5104153338175366,53.975768884634434,61.579204867460305
S0069,2.4164622299156457,0.1947013538107927,1.2040408907574145,235,0.04142232793318566,0.5319603341463734,1.3200217497973292,0.025938840074319625,27.25909320208842,84.13612051463085,76.11709732166864,4.718266999023894,140.41639504029294,1.9594427545421333,209.00508172005715,3.9908647663397425,37.71732162206404,49.589677458158704,76.8991962218556,55.574744856690124,KHCO3,0.7082996935328715,93.38105607792089,90.14977624035568
S0070,19.75085179540983,0.2922442170069086,0.5904085316315134,20,0.07616562457302345,0.3979397134449881,2.0762048616702025,0.00875912974059464,64.41496521501887,64.77801478955716,49.31446638923587,7.9604677960463555,145.0120633612899,1.480548430930551,291.9717432937874,8.83887803273072,39.93875863315165,46.75497145863679,73.39416750398772,229.72790661959786,K2CO3,0.6773795428032022,64.43483678868378,60.0556771617569
S0071,15.67265061663649,0.1816398593418073,1.3930139533918198,19,0.09045717659033271,0.6625226268248312,4.442320549614603,0.00899162448597023,51.63399625420264,73.295571167073,58.3814251133442,1.6458090398611966,44.63371896694855,1.8645858016269374,164.98336864864848,3.0570237373596463,13.345309170879936,65.06549028350807,61.69294641334139,257.19207006497066,KOH,2.827871495745519,77.66137441373908,76.97513458861455
S0072,4.775597949149276,0.897797770380161,1.7216435704065172,280,0.02404355156302759,0.11780438084122868,4.121634459396346,0.01932494152341682,29.49678833833086,80.85447615337631,74.1387606887813,10.519846591572627,107.93061914713829,1.628178954615482,387.57073466403983,4.491401455131043,37.5244179487973,51.57779846426036,71.58480691732812,458.1384318808154,H2O,2.308470489420716,79.0147516479326,79.10475105070049
S0073,1.1049202253484456,0.08943140820502578,1.5619034678977661,282,0.0809322070036552,0.6401732602858208,3.150199392399911,0.005055918795953896,25.86814104726161,87.41650657017577,71.73017430676974,2.4173758824829488,31.99497059315916,0.4099178827216896,201.8483967519849,7.312646248049954,15.425406617663693,58.23472257215805,57.66005369780536,452.2944531907613,K2CO3,2.119068721220017,105.9737383495184,76.17628562532964
S0074,16.49376714064185,0.5292662756745521,0.08884146244323071,433,0.006850295117747074,0.5032536404942802,4.2906019712555175,0.06264570196769272,66.4895815255853,65.1579424496842,53.414112888428704,11.774987094320187,114.83720071450587,0.5734871641234458,581.7719478997482,5.626724860158353,55.55342488944003,53.50554080550158,82.54243481105071,484.74367883955927,KHCO3,0.7928935695257899,69.88950171440311,61.85762175493734
S0075,14.430289533104725,0.4162928587197649,0.9662088250430796,411,0.08998589142984449,0.4126073292985973,3.9188619450862463,0.028732671650890197,63.072969568857864,69.98929463696123,55.86915749491529,12.381000250778923,65.1473965998477,0.7495446433484656,430.6801027116367,9.889353742029943,30.723276051259997,45.930016693880546,67.66913108275548,448.2972432907342,K2CO3,0.44386295581875634,61.42138269403263,64.38300018099643
S0076,14.851136192778759,0.9825548307395203,0.218811055052168,192,0.065426086208316,0.9534898209671102,2.1449246592044524,0.027974596776907102,67.60739993897806,65.05004268073388,54.55440940357962,11.9301150498669,108.53651452495788,0.4196948442422078,107.9316975328755,3.2123747277282275,30.1320441124843,62.64555563699713,71.31873077202086,53.69031924244052,KHCO3,2.6254146017275155,74.96996435322544,73.22608673400526
S0077,15.65413658703297,0.12091851314637182,0.49166958156642965,466,0.08754844568969682,0.5273143195647327,1.0053257602497256,0.03319982942377652,68.52225263477197,62.282207222420034,51.90148775071983,15.469524564759688,68.47394619628312,1.2051375320787128,267.51605861387606,9.990187175555803,18.7143713530869,54.93356245592932,66.4749285157637,338.6573835494989,KOH,0.1170507510931077,49.398185104908436,59.05830511390094
S0078,2.4068483829477167,0.4038770430552842,1.9734585606016215,162,0.0010186515561016079,0.22692630467523905,2.571005200046696,0.06627962742097217,23.051401040736756,89.97316205720827,74.51596411089788,5.65613099352775,38.923776278320645,1.9533559958564073,249.6900268460308,7.365394830029213,20.541395514326467,54.07568225089617,61.38006180720901,80.70695739636835,KHCO3,1.2254796287329568,95.45962943026362,86.24064462409827
S0079,7.81084884234118,0.9697757289426152,0.29356613037401136,497,0.01773902596524326,0.46437384458352565,3.681144412642751,0.08706338814834906,50.77386776390826,72.99290784646128,66.38118042473108,12.37369201208552,72.79429746533252,1.5467717835287014,334.52085311061836,6.910948962172675,26.585394990442587,51.95050633621731,67.62645104143304,172.66742887099343,K2CO3,0.9050762585878672,74.72877675085032,78.79699720266697
S0080,3.2015121309774646,0.8668520546350404,1.0027874253681985,324,0.03958617935522272,0.920193530526946,2.182097993647965,0.07590869325556385,38.056428099516545,77.96422109944268,72.64936999336985,9.657378303947377,34.6475584625227,0.9044348232281775,509.9004844531744,3.4165870979478203,31.78098610349174,61.933261403981774,76.22603445122577,310.23843326176114,KOH,1.7540909810115886,87.06485678873202,90.8343778558449
S0081,17.398965091636278,0.8189013502397872,1.240129911293057,343,0.03857078743409714,0.18433451661728872,3.333859548919486,0.0727529230225095,70.34630084525325,70.10242040058026,57.53162720529948,12.888855090681798,94.99482574700295,0.10855851386254846,362.550548654311,4.913302136661235,40.29382747681566,55.99957899668965,76.48598012950528,365.2762182833925,KHCO3,0.8264744640689207,65.61094295238874,67.92546889436379
S0082,12.8426644097236,0.2653237987744904,1.4079052913827668,133,0.023446307909427557,0.22181746830135454,0.47163713145521813,0.048439118560084926,53.416285320645756,71.36132339529415,59.19725155520705,9.375257543310644,25.32369917943237,0.6952244211625395,65.08730623199959,9.472638818041169,1.241661444201351,61.015439313764794,57.0050339817354,344.58441166269284,H2O,1.0024955420520931,55.95356452105132,59.3069998562158
S0083,7.2870624722003345,0.17917871151616516,1.123700880138959,482,0.03877958204685281,0.022899272079512912,3.740023681857017,0.06938055569674118,40.81519423367557,75.41622857562189,69.3045985615413,12.978263022458519,88.55155834798177,1.100842646615209,403.5869471776274,5.47972202232471,36.60403287099626,52.903982447451874,72.71261566665545,72.07626533388945,KHCO3,2.565115579480261,98.39257170584995,84.75112890645025
S0084,2.207608655434449,0.6719567877251866,0.02944398636417548,123,0.013756022488025228,0.024048148901809507,4.06356809946531,0.05527623680335832,28.009433387131857,85.36582082154982,71.95832182308496,2.0436569686866344,135.22792412242032,0.7160766603187441,34.71121982913929,7.631572403270757,31.882344376862775,57.9430795691009,64.4854933146851,96.62174130629842,KOH,1.8492475878731043,103.8183232383108,89.96042105018334
S0085,6.908664112597582,0.9300822292363099,0.6596580034055438,287,0.04186335179733658,0.8310977106889275,3.534189278902706,0.02162505281865289,44.13525294625715,76.56294282585772,65.9392325466644,10.934728728778675,128.92352511551715,0.3109663537453331,474.57746250802404,9.996474452931052,44.20886482063018,48.83220231010026,73.76874328964163,107.86406581907303,K2CO3,0.5224793292551683,75.67149683392809,74.76863363825815
S0086,7.178483118508193,0.5611952640837905,1.0402461703355756,423,0.08043307858676715,0.7348013807745263,4.8363179376318275,0.020858836774105074,51.99431787910157,76.88885535339095,71.34396736589176,8.50564876106404,134.76162095144457,0.9412534180375995,409.98256127440794,4.841487996834788,49.34776231876781,53.07591547750636,80.09431245322058,91.136469546361,KOH,2.2067674761379115,90.88143862449759,82.0551160511888
S0087,14.862517388423218,0.5758965625752008,0.18485433329821838,477,0.048427936247231775,0.3614906458874387,4.133260287303202,0.029639200687528344,69.27622833777023,65.02573969853304,56.177414222676376,14.452282715284372,139.86634427652393,0.5811803522348608,206.00782526097402,7.032566153101456,34.549879300734084,56.56348500407729,70.84320468873801,130.20549047119502,K2CO3,0.7016316842916474,60.457722455561154,67.13993937291707
S0088,13.11359195574905,0.28717930272368136,0.7077475931062697,222,0.0027820088055762835,0.701328045655297,4.515468639382691,0.09108026709698133,46.54740032575923,75.43363374989478,61.1860842756082,7.452921783931568,33.58862542384025,1.8275415152768528,196.69182861602397,7.875064548915493,7.804786606355858,58.54514399086002,55.3849956591269,359.8195060902017,KHCO3,1.3557142973261924,68.16888055698595,67.12550354084233
S0089,17.857042108950203,0.7717980038600175,0.07607418649481945,181,0.0427229601163455,0.4012538670468705,4.667855417288241,0.05474148403797259,66.23262501288698,66.85770105355931,54.73253922549681,10.560235482969171,36.7371363738427,0.2933336041519299,485.01560803139415,4.152390725957906,39.57741240347807,62.214004757215804,75.8918007801912,423.8767630216188,KHCO3,1.9751609868339506,57.628424657976666,68.66286724276021
S0090,9.972083578077036,0.19517331107194816,0.16637120933849128,297,0.003690326592993572,0.9533678280378493,4.0067399593690425,0.07339053770018694,45.27735276552472,75.30839656075729,60.20354717312992,9.644425325223049,92.41088482070671,0.19338999457694972,476.5019143970337,4.040707945873274,47.39606439428196,54.35037990623153,76.56922457835702,233.96625053303464,KOH,0.8885956586267131,79.03479292025749,85.93841004266339
S0091,3.272290672827732,0.33044244404020123,0.7998773196411761,444,0.09665809765997303,0.9673821546117745,3.3712942100324956,0.03465587598165476,39.34585980475026,76.5052505376895,76.09813471531287,12.477142026134441,136.2164468951758,0.11009692139423789,230.81234199475315,6.194155381607214,41.34856661254346,53.964468231686894,75.68993744677145,361.7516778927546,H2O,1.2139097625597974,90.3506816095884,71.39972946927628
S0092,14.551650957236905,0.4311820742302526,0.2741043505456901,183,0.013617941982864028,0.39886583805125,0.02859290680394644,0.04077157706652253,60.56507454491344,64.7900175100896,54.231203728186145,12.637479342965209,146.665429348124,0.7233324005227497,200.4002050054748,5.700687652315025,37.17387490849461,56.28021171399023,74.75905226450377,140.00731756962193,KHCO3,2.2290338321820373,69.79203015524071,79.60197045411896
S0093,15.454915923721051,0.5125342748976105,1.1394062880405007,122,0.07106114430673126,0.8556796872774594,2.3291287661156233,0.012556557863725138,56.76991381697104,69.87174185977608,51.66982624464714,10.352027145389041,26.014049254199996,1.3547349925816885,349.1001296631903,7.999508058001196,16.057016448219077,53.60336495297673,62.67436006209823,487.97606823503367,H2O,2.819941764930596,63.44237108559223,65.02444016642542
S0094,11.664266753820428,0.24998563509092944,1.3820352885831588,385,0.09730485596631651,0.7753581512804915,2.855811493111805,0.017129495782167038,53.45400344642205,71.9284468443654,66.98186639794879,15.623661437868464,66.25063094608582,1.487786130475406,34.76842619096218,3.4865614001401037,18.955748107832058,61.16179302650639,64.48791485315179,207.49888528592825,H2O,1.6348106651824716,77.14060472783491,72.56174645565467
S0095,15.648376419136659,0.1236884564918115,1.603167531227075,414,0.08277786611499062,0.3168999378000714,1.5201513622399982,0.08273565548261456,58.613056768467914,65.80408051060748,56.24649260788186,15.55181839043756,47.67625310579915,0.9611971984252738,77.1202116523291,9.805166366184832,7.751438905070564,54.54331489564941,54.082931101108095,430.6401077921758,KOH,0.12891581751420597,54.99185568309894,62.36629810340302
S0096,10.382116330923424,0.6145138420172163,0.4082989860471721,492,0.07023222213749417,0.2397194306120949,1.5905222345173602,0.058483863168888206,63.5265328108473,65.13724155099506,59.35567488519063,20.552540970832137,118.27556036106225,1.4002244358650067,101.91666638477994,3.0999388718008265,28.276334196264948,59.77194280774717,72.7972984183396,475.4148676832242,KHCO3,1.0815448786013084,49.22107064204397,60.700607533620946
S0097,10.931923758257888,0.29574424770785324,0.3432903386955488,131,0.08410663004057593,0.4636523038889055,4.8057970785508255,0.03375324658838189,42.24737883635959,80.17790960588887,64.28995545890956,8.046870680740197,103.22520290981416,0.7838366688091905,135.6847361614893,7.209217770353058,26.369144679896745,57.741667810618935,63.049629517777774,439.121283293886,H2O,1.25603957105205,67.70354125942656,74.1766658698538
S0098,9.123279348812442,0.5854258392083862,0.21809000226545652,41,0.09819807063280214,0.7835353522082622,4.458554326013729,0.0802851208995546,37.81655217829063,78.68459134113091,63.12433183421213,4.024172225767723,35.585444092899905,1.3688318179745722,321.85033220501737,6.938428171071719,19.86855748283987,59.133976596889596,65.05841590168411,80.18044319313002,KHCO3,1.0836034980065077,86.44204492213024,84.01897667077745
S0099,1.4829634081378087,0.1628190881214603,1.276496196591837,231,0.06251310522809943,0.9605661068814579,4.245895027508521,0.0246519905637983,21.211318367404488,89.76471405244926,79.04712322016562,2.3133279066431807,82.8578687574463,0.1771323720745095,595.5778914708395,3.9430101160880806,48.633914426473204,55.77863161608337,85.61946096774196,342.63822078826524,K2CO3,1.365179697235132,108.01627741697573,80.33116497207827
S0100,3.049937112872785,0.48632870083626933,1.4158866957089333,128,0.056359295876103326,0.7659432781779069,2.030059008530553,0.09760326986002038,25.61987934779757,80.70127405731138,71.83570533567469,7.564537300118616,109.10726790826789,0.8424306706773078,401.98963899599147,4.056411878994709,43.18574539424161,56.93652050382031,70.12787218285169,104.04081795719804,H2O,1.9347321360733591,100.65278842694599,95.79254566627614
S0101,1.5971545280479509,0.53726353822607,0.07285642820302765,48,0.06319557293586486,0.8566549151681863,0.06849275204457272,0.034481760774616975,32.26477478216804,78.43823910451164,74.05446381899452,8.435052425112337,121.2707012101249,1.6026143875030403,64.94031283605744,8.548742414562387,28.1239428375071,49.812100819478474,63.30296803961653,52.54835023660852,KOH,0.4512712782934841,93.51907223626264,77.21752501924021
S0102,13.091797814011828,0.06130530145420264,1.8730623700249427,277,0.05373491278939395,0.6070336631088113,0.4011112322785704,0.03373109541512276,50.62881056906926,67.85672628030983,58.58106037798789,13.52227858573154,22.60685227192111,1.6257114578721026,329.5802432154778,9.212937208888782,14.5902056151943,54.00036340666804,59.5137684861233,73.30254977438035,KOH,0.8906284757157659,74.85442129597041,72.27774930021775
S0103,6.972763640450207,0.3432382354119814,0.11342285446643009,242,0.06387382148506217,0.8370537525337046,1.5609818410880183,0.031191190553670523,44.039956288212274,71.58892023506155,65.67182778209377,6.684072046688074,135.76104461790567,1.4606826798638197,313.0877710620175,4.981118761186387,37.81098904949786,53.652848732692576,76.42149266934062,462.26713840117577,H2O,1.5721794494511112,71.44217846068243,60.631051848842574
S0104,10.662843132129353,0.14307053016958451,1.0871797072491303,440,0.045534378589283366,0.7865766494233835,0.07871456497838492,0.012211151592428793,58.341895691438665,65.56604712863393,58.09486022036169,13.435619503569026,94.00657978356817,0.4880533790827424,112.17565501628822,6.065747747737979,25.34286703907663,61.0905767084469,70.0384494248496,458.8085814171772,KHCO3,1.0151625937219277,57.298457699954525,65.10584296471015
S0105,18.243763004595767,0.07274122076804006,1.4210304337073236,27,0.022625875105447404,0.3832156865070173,0.08574890957599057,0.011113714733201241,60.22082923831722,65.55316265489638,51.462992530370684,7.815809093709859,125.54818494478761,0.5696897259682031,554.5552502173724,5.484965287268475,59.401811220186296,47.70349087556456,82.23838240598896,151.6209744938152,K2CO3,2.974147480592542,70.31934655591884,73.17491823756644
S0106,5.736552353828624,0.9900606300660458,1.7432285562547103,158,0.012904475424655889,0.5564703990995139,4.583016508212055,0.06481050345341234,32.351286090903955,83.2993340050209,73.45271206687599,8.274878557654093,125.03194390185685,1.9925685818025733,281.2361911749603,3.5078290909065633,35.82407960352871,54.528599742902536,72.12935939140212,296.17754665938185,K2CO3,1.3511512544087159,83.13691470588032,81.4250297651226
S0107,8.797275537676965,0.32913030652497577,1.4310329949435314,406,0.00776575261769378,0.8067055907697979,3.5307925105952704,0.0875118044558047,41.559914589991735,79.59479696634405,64.3884377316928,6.3777933486589795,44.68084583522599,0.2964182136837238,596.8987101475516,7.712429722110666,36.97504455917845,57.75693870387028,74.64519174097327,479.7627180196668,KOH,2.622417545417427,91.23718731961185,81.27960005914707
S0108,15.355471632317926,0.8117757013960886,1.6054388853088857,158,0.027068262591566812,0.05559616684805681,1.5447799503407633,0.07905205102716735,57.90974502598526,68.77248055455392,55.57105965159777,16.41767687892706,34.3223756329723,0.4432591279145778,269.44120829373367,8.77635054363983,20.83639080412018,58.31117453899965,64.40012973879054,273.5177583635432,KOH,2.6998785232802067,69.05031923804698,72.1126859156267
S0109,5.347165144340827,0.2620942482161262,0.685505883160184,135,0.00556623286923765,0.8099984895322716,0.6632228880047658,0.01411075940213511,35.36053149207354,77.21352013280276,70.74872193252206,7.383081745999611,113.76734496659746,0.3470498857352519,376.5358905296573,5.13415550173845,44.223716546290284,56.14105484497081,79.0647941666426,227.11001906559108,KHCO3,2.524420299194815,88.06593873002204,85.98299706246125
S0110,2.462618286747067,0.68468769500169,1.6315019763555594,401,0.05714990721201917,0.1861092428085332,2.5581785894753857,0.054558212179206644,31.9651472486893,78.81453434110108,77.09255730362896,13.754951332455624,40.33549944681048,0.7225444309988696,89.71464577732084,9.931230555415027,5.432002709923716,56.256964186897974,55.74841444561824,267.46191232008107,KOH,0.23600489874098665,92.3352214452041,74.58453361806303
S0111,6.505277605361592,0.7626255812907897,0.16942854430550355,311,0.02909901625532851,0.5195367809502246,0.026730804271822284,0.010559154597664001,55.89755576602396,69.91213538104964,62.55642383170963,13.017902172920975,130.49187388261407,0.49933408694445436,288.90985956991545,3.5309609009764844,40.3078880063664,60.32157206032003,77.98337742500082,405.59709269837487,KHCO3,2.8484655216787194,81.03731223727456,74.06818655179679
S0112,4.0632044578260835,0.5996823532017659,1.79068514556045,369,0.08262894600061618,0.8101926851603782,4.69206871929072,0.0045294643613077445,37.803877213308915,83.4227848518075,72.32224053497951,8.457912498002994,114.40463290207367,1.045607123140767,166.09655958226477,7.632534996701646,31.192540499757413,52.42863548788107,63.72523579343631,264.77493463995586,H2O,0.473353430186213,98.1735586291569,74.88616174698105
S0113,18.66425539450889,0.4768604266646568,1.099708828545935,247,0.008349846425850259,0.2612828673751279,2.074075596944736,0.06563858593847673,67.61487507237233,64.61611054056215,49.22328111321562,13.447593328373786,129.43729736748412,1.0044393430722278,506.2719351856039,6.137596101682623,51.19196887334972,50.17385389128223,82.3510671010915,402.4749565770663,K2CO3,0.19977052037145407,54.30640804495618,61.78110473981548
S0114,16.35428721172392,0.41772250500579583,1.6364225622253625,144,0.02340879793980711,0.25334936491309146,2.0116747761866636,0.053515233368035035,53.965588599865384,66.97628569746702,52.468831520059915,10.446823005930515,58.87164834921499,1.812860676957476,476.83416337449773,6.126213307746591,25.849848282952188,52.72031930553326,72.25836665620845,244.26385053841983,H2O,1.301671862929017,65.03602767604066,67.73299769870374
S0115,13.034671373698046,0.35537958387756535,0.9101133861914172,160,0.07329436856192445,0.40873675447762936,1.952968037908911,0.008202368521147085,55.532984127510254,70.6816328548851,54.49826649768669,10.469041964062281,61.15774785337398,0.16600590014508482,499.78259978645434,6.203519312234782,33.936147207834,57.45836761358836,73.78403141861877,163.40255204512226,KOH,0.6644386949977825,76.30432854643887,72.8331329712999
S0116,17.557751213566636,0.9302338528053475,1.2907196134410848,245,0.060282021341965655,0.8956963696018582,0.3466416519388238,0.0034939246405988446,75.87855169687997,61.52574669713535,52.3749556545784,18.929054571256735,107.25880232502129,0.7077711956687504,442.4573795220323,4.810772416609999,43.97374153352487,58.010267150315634,77.8456579803131,196.9127284183793,K2CO3,0.6341699360233849,65.56389835678108,65.93766981162183
S0117,16.269769461083175,0.8323132137098519,1.0575412952628653,233,0.007384635853667587,0.010438353622835806,3.1916111989591327,0.09897564134093347,56.114550219430335,67.05039593572253,55.60937596509944,12.669098176286214,24.08797415766318,1.2336499947944715,504.6294374634292,8.008939791325627,22.571392739803887,52.950328782539586,65.09249745893084,85.02055908672467,K2CO3,0.9346768787908366,70.27941603847536,67.45349269350466
S0118,4.544831118834681,0.9653766415598475,1.4658631482931104,212,0.08784670625905784,0.9023692656755156,3.6650180981417666,0.003002133214907188,42.00259991391118,79.74303181838006,76.9969602891636,11.66918406410603,114.44457702386495,1.2491233475035313,144.4723875997049,8.051035682595188,23.02221837826953,52.89116272950416,67.9851273338423,273.82151498417437,H2O,0.820376255215879,75.99671884793472,80.22274475197884
S0119,17.95862097130958,0.1330542512506893,0.17244366424087326,265,0.08784891451979178,0.1622689543951917,3.3806269879414512,0.044452825305015965,61.30113094730798,66.64171542980387,49.31601965585509,8.294934825999288,128.65179921109817,1.0122398351269974,287.66495265048695,4.976779770740789,47.850248621958215,55.324110334068386,74.94743050683917,116.64991620006035,KHCO3,2.0859066662354437,68.11341916554795,76.50314015128951
S0120,11.247502596397364,0.7335588004516078,0.13010064714122196,95,0.03371039238370161,0.9901855123068073,0.6921774666469716,0.050461902460769564,55.92420070212354,65.124700195705,57.3787789439266,14.466216881536791,73.97126625853352,1.6497645275478041,424.35272156920183,8.84714522600915,32.38444687843787,48.47941432045213,68.2571608670112,415.1961528506298,K2CO3,0.6416541892446032,65.2616546555869,65.37665436755319
S0121,16.341362948117187,0.9389570522528274,0.5017354356801914,159,0.034700178491606906,0.9552985231080834,2.894200840177963,0.011728014780044505,69.21739957728248,65.20154417712598,50.96077567942011,14.813945838268397,119.43424791150093,0.2191721256874717,393.31372382302686,5.21791460555231,38.822366263781184,55.47058694666049,80.51753114814775,239.26575837060238,KHCO3,1.67504308507205,64.38917516293519,66.53570352670847
S0122,18.025734698546373,0.18942073550400357,0.3274939134252448,244,0.09891380747666723,0.4997284376953705,2.8474224208612693,0.016906177843971627,67.73791691321107,65.27349112389983,49.74436760561418,9.786460605681354,42.69941920769405,1.6494267546022583,438.3220552382296,8.075651867905796,24.057007562551117,56.83194191680163,66.96109782428162,394.2510457962754,H2O,2.9606369838162365,57.507581950505696,63.94195469408783
S0123,7.042066024465414,0.07583130469310971,1.7448492975184813,354,0.06299144098772068,0.5175930453345019,4.3420539397069104,0.03518050064103525,34.2078484459144,83.78639047737124,70.92050575382403,6.320014185668949,61.89385119653301,1.0400330568278369,157.82727839620208,3.8469983725844648,19.884876584005916,58.63534389328296,66.63863646111582,479.50719239238504,H2O,1.3539090207732378,80.26546921133027,80.36827577459337
S0124,3.090986566025858,0.7437094427971584,0.44623583484250817,31,0.05360033553623786,0.48673384687309573,1.8956382918782348,0.07616758762136627,32.04636960882036,84.7639908409078,70.22441924233215,7.415509564431374,146.65964520436205,0.3541453206463041,86.10778415564415,4.1809114996262196,31.979638724311688,57.53758169838228,74.14085243623668,432.2650773709562,KHCO3,1.9614320155067657,86.32092802418508,83.7629618253984
S0125,5.330768088296892,0.5787283820481128,1.9519718590800712,357,0.08397706617164052,0.6390892092029273,1.857429718297171,0.05070824240602667,45.094968705635445,80.69485994372208,71.36245687545612,10.250078404901075,148.22266256281642,1.7828336357269077,552.5797495026226,5.2105695115577575,58.8804702603228,48.26375118608921,84.32160189064963,478.1586558856189,H2O,2.9111778654166334,86.9449109428038,80.67571811589983
S0126,9.11504798389887,0.8434104889906894,0.6804226256245026,294,0.02924374349737433,0.09981448521258172,3.092635293590928,0.06379018745529616,47.964881590097264,73.6808155371985,66.45828634028982,11.635233873792917,86.63865689280644,1.3335346811278306,349.2979804733943,7.157116373675031,25.541000348833887,52.3537443245612,70.42692817709556,305.5714370918286,K2CO3,0.49915309431995636,69.50513129705125,71.92740561010598
S0127,16.54228055252737,0.1483746528600266,0.37241465222051157,278,0.043489076746239336,0.04229176885815084,3.165363267497565,0.09851745550906749,57.68651114643177,67.06705382768527,55.22863201847505,9.441175283516998,141.455072890304,0.4107368049658646,117.68077696922424,7.518580398350895,36.46289815039492,59.65747398490543,71.61518515692899,124.39599529124384,H2O,1.3139603269498432,64.77002712469815,73.69593285809329
S0128,17.353881081870526,0.7973146387412913,1.5815000292135335,475,0.027509890873345086,0.06712589913173987,2.346426136628952,0.07680054353132097,68.83679620838112,65.34259087689883,52.61905874834453,17.927211776687002,87.95498814739109,0.16393447445815057,482.2588516757961,5.774493203772324,48.3879651271311,57.236748731486266,79.0270728297805,470.92817938266523,H2O,2.565557960566237,64.66377706748256,68.29943856077595
S0129,1.1320904800926233,0.20961104684726709,1.3208284732467435,267,0.07912692381228442,0.44992169574909924,2.2152968116521055,0.04343614981412178,21.046725221218768,81.69795438480755,76.05062674659307,6.179181995137182,57.906456660950454,0.3681083318320336,551.5100638786911,3.5448740717735983,50.20016440752747,57.711081818584454,76.1476946589523,440.8269757685469,K2CO3,2.8036864799601515,95.61864647205448,83.49288164576456
S0130,10.704198748973749,0.17201938343704748,1.0014094757417464,38,0.05776158521788659,0.28279245982728857,2.4707383531894136,0.044644192179654874,43.03130486132412,75.36198823835376,63.87044231938896,2.840935717604182,54.696907452840335,1.2567161243427478,126.65120558553217,5.61544256464907,9.580356214856732,55.5360176557335,60.367261059039095,438.9858459801178,KHCO3,1.843584568080825,74.92789257199485,69.54086043563146
S0131,8.930809059826801,0.17262313995168302,1.115173466365886,222,0.06622368194386699,0.6258191667472839,4.30522649751656,0.061877207704100504,36.43525387290336,79.22585589320315,69.2995111007629,7.23327572579968,140.83574169785936,0.4406628469940921,495.925099503393,7.821372611714061,49.30968572624634,49.60150709989932,81.21620345446067,361.97349233392333,H2O,0.5159197473666478,84.3909963891362,76.2924666800613
S0132,5.220048398943875,0.8164289730290683,1.441211538761805,472,0.025978417734101252,0.9925178664810311,2.30583450626955,0.06653652084189043,42.47922212329073,74.26048210206508,69.4514068188459,13.206420629808516,42.418030566601686,0.5289498422625534,561.9382849519031,7.696968227912212,37.36886389072666,53.44780689135771,73.62000552721081,331.2123179837357,KHCO3,2.7142675934481995,74.76123994411745,72.70456240497812
S0133,3.277441979339973,0.6685452484892381,0.4646249352492845,445,0.022802304836354197,0.3924599413457013,4.6996589598491125,0.05007109258366713,39.09032771746082,81.08391840851584,75.5361382414168,10.018122897158515,95.35221956623637,0.14776547893699693,564.8661121687298,4.1213748924381,55.645908916344574,59.39754723938397,86.19789184479458,56.62575133759917,K2CO3,0.6058950419537334,99.706994059566,80.85667765576311
S0134,7.414688256668931,0.5278347705214281,1.9927044929529165,292,0.049349088269310934,0.5781028415634683,2.5200188179816303,0.064486122281498,37.53526902270478,76.80249105998729,69.88897237440857,6.6929939891068795,92.21825884815355,1.473568277253347,551.0691831424957,3.05448779188277,50.537752256126346,54.72740573451757,78.90065673019038,386.6243310896523,KHCO3,1.1233457601631438,81.05415599665842,83.3051234593668
S0135,18.915284374337865,0.3652421792822675,1.9498383926720984,59,0.07401900916018986,0.42144785694826215,4.746003465904457,0.0023532494414098774,57.76946922753956,74.14469885690684,53.566456111080306,5.784678436319347,116.15081900488934,1.6396923595429305,341.4599770452586,8.270871321072818,38.88353288024736,47.783856047523585,73.063467476543,91.19080286726259,KHCO3,1.188973135510559,81.90657721136172,79.66363138733604
S0136,7.14085570839435,0.8784285354049772,1.3041481158304045,104,0.05299873599449586,0.8487989510446408,4.164159509345379,0.04296228638968441,32.934365816369834,84.39296167198219,71.59965001104376,6.241692217734123,84.90157797822071,1.614011535867034,233.04045083470547,3.744577164696706,31.987786855418385,57.18693066344483,68.0584926880671,166.88792124615912,KOH,1.3971454656306215,88.07613397385364,82.81108342156243
S0137,10.857021813123955,0.39852065634840905,0.4070894773489988,472,0.004231922077021192,0.9032140394276157,1.8121566130791456,0.02789380760734768,60.19684585263658,67.7014501008079,60.214149612089074,13.575666272841218,55.39713589205745,0.34237948759214004,34.145500385585294,3.5764440077499984,14.779372630264538,68.18014690153215,65.5636426992897,298.1706329081016,KOH,2.3914808661997538,71.92675319362965,69.22543792668884
S0138,14.35736021900838,0.8184334450768613,1.3636542024382696,416,0.0869865991257086,0.8785820560832074,4.31820710648308,0.01291744452431104,64.25761581933392,72.15473779045972,56.735167674122934,14.783682526294404,42.02154495210521,1.8162721420386427,64.71996931677043,3.018908517839144,8.760327094292487,64.64775687293182,63.5555768717083,253.27966319421873,H2O,2.4262186964972052,64.72966062119652,67.07178189417286
S0139,7.908962445206585,0.4447435594845162,0.15367483386855993,97,0.007404002457998026,0.974628516292465,0.5503164210055761,0.009954651280877514,43.31661350218048,74.9147333914151,61.35357727839242,6.248789276183588,100.70644445576593,1.3773297760007521,274.4382387195127,6.028209281698491,27.657435703395045,57.88920696483406,66.89422685316222,57.09847539715068,KOH,2.1869997125065312,84.6148236766749,88.92966257808395
S0140,19.463859571698254,0.3831749851306585,0.07099847938955407,53,0.09562662388835448,0.03724399328901114,4.625235876715072,0.06031921656146675,64.38393151020723,69.77335090815109,50.543891237446445,8.585288690648326,113.4687983909203,1.8053043825160424,257.61590344316085,6.522847306305701,31.00770981174773,51.542616584423754,69.24339128529192,420.79327630327055,KOH,0.16417315582258668,63.86844320159836,64.13580200840629
S0141,19.286498603900114,0.4680529878129104,0.5227889481373152,470,0.00348905386945,0.8414180005240757,3.158217575414458,0.05236005471526117,69.88319842327668,61.29649534812185,48.779528668117834,17.743275103925193,94.03776622866424,0.9496049586082608,135.28692845483343,7.463648323040134,21.825517388882005,57.441716830168744,60.2444540386455,445.4604311386669,KOH,1.7380507964297396,50.43169898354377,63.13101922062643
S0142,5.7838636206819185,0.30836409542250065,0.9306196839112395,287,0.06975059515694017,0.7542544513087024,0.2719537426115559,0.02535841169963692,43.304986435437456,74.7306912758109,68.82581754617209,11.453357204680083,115.98566602575532,0.9302142360590256,255.42361597804438,5.072446884988101,33.53180025003366,57.65495561465178,70.01556291234417,356.8428245735451,KHCO3,2.26772957205606,81.40859557189503,78.71567955089573
S0143,10.447721611955323,0.7501332863744886,1.7378622857626773,180,0.009138499307466384,0.23640746530636114,3.221283618254058,0.047095005877251454,42.24004759479451,76.72635205885622,67.76475032377779,6.242422187973308,38.397756318494814,1.590619385501301,129.55053730955981,7.97297301470746,7.234108743041604,58.76376413324482,53.54194510955362,293.4805363955701,KHCO3,1.3894131961784741,86.01347186568856,77.39029411545651
S0144,6.716687886518623,0.5076931861915543,1.457066448834953,430,0.09115698136407882,0.9567568924536523,4.87123827072378,0.04922323151824083,37.41431167418904,79.19046950288445,71.02839539823718,13.491650230102366,134.72112534260762,0.2772659254058127,513.8110140822291,4.185323001848591,54.33091655548811,53.24998870301974,86.7142047145755,482.33202750476215,KOH,2.84031453155965,87.8619023046297,87.29661381505667
S0145,6.411969393171884,0.23989056819534915,1.4879859771879622,198,0.046978890386328735,0.15669614894764602,0.3490032730731446,0.019500898043861584,35.8796962533386,76.16716961298876,65.87996348207196,7.142373109255268,95.7114160931054,1.089660669606283,199.97108038909133,8.82393037177243,27.637544687077458,53.65210281158524,66.28913769262293,103.98029348668638,K2CO3,2.4890505134530176,84.33041855565646,80.73836082177965
S0146,1.700851999736123,0.9005788275418228,0.8567317355516699,362,0.014614853706884524,0.6827544278625693,2.7734385489004314,0.06520930618816506,33.09775270529016,79.65370067854198,74.65494710408015,7.525376448749264,36.48971049603763,1.6891300476993287,371.1816795902367,7.002938302233119,22.28740582811422,55.47041031791514,66.20169604919161,382.0595241492451,KOH,1.9506496899118093,84.3739107474161,81.7652789151753
S0147,12.58172234561804,0.3900523091594793,0.6984106351684563,193,0.03474075427919482,0.23264131464775337,3.738971748796862,0.07809193563860906,46.503799485603636,72.94093112910095,60.078538143965076,2.8926132573878025,80.05027654674555,1.6773658698321856,316.62054533947946,7.0872287636043385,26.15380369194556,52.94318948820485,68.9102827268243,107.76227580283903,K2CO3,0.2810330326792888,82.77546367061278,77.9822423433421
S0148,10.550901441348369,0.5481173325028487,0.7483671383393594,12,0.017317642859329442,0.4370668422863339,4.051292933497656,0.0791463540889519,30.83862683526844,76.5914470390133,62.62653013288615,2.86940501198069,129.8229259225685,1.9166524270505012,59.572784228575564,4.468427896453757,27.122171177174437,53.98531385829063,68.54443702801247,221.83015951553708,KHCO3,1.9918041179911008,91.1089381382713,80.4352332145849
S0149,1.9780962737497978,0.9074073898549014,1.9754226318347552,200,0.017887609244151913,0.7219682979751233,2.069137326603979,0.06024698307034551,29.61808068114726,85.00107385337189,68.83950884324841,8.069629317895739,136.68308514891083,1.4267179277080384,567.0732201099647,3.5187612451027177,55.07858898453849,47.2454434778916,85.7561811790789,313.46802912694045,K2CO3,2.743580843631435,91.74019275819501,80.27707829700695
S0150,6.294282820495617,0.6279956159548522,0.08981729091084013,127,0.09486272369697278,0.5676913956127162,1.0208327958412151,0.05116385825190141,44.30549931937328,73.71140743570434,68.12920692660975,12.45077736053436,54.404435649838994,0.4947641959354838,330.5188076027755,6.2530736215647,23.87271123941892,61.356310343801525,68.34621310584556,381.68946072695854,KHCO3,1.2003916219547592,75.42463551970336,68.69801594421314
S0151,18.257051833366422,0.12572906030128042,1.7353926772836727,28,0.04507936511619403,0.43322681301483057,0.21171139386191917,0.006100714300539489,51.694332486373746,63.44095609383225,50.68642019123004,10.81958968457479,112.4645572123589,0.13853259829970355,215.28285673333474,7.309283663456513,31.253092487179366,56.558803194664094,73.26858033956317,51.672245122392795,K2CO3,2.530584324255547,74.78666458999886,69.56093283993818
S0152,5.551675922672476,0.9404338023773404,1.161564063059063,32,0.0790914241266306,0.33307504662266735,2.898630785486124,0.028783129885160588,41.57339183503903,78.69102220335496,70.02098777201957,7.732540283943659,32.99808217289097,1.0108900173914936,120.1321446908489,3.6653252106317993,11.428712044414235,62.27000425495351,61.47011491063762,167.26904886729926,KHCO3,1.0081673143003191,86.70792502441945,83.39995325355167
S0153,3.7530025697332388,0.6314309725407037,0.882844684187285,422,0.06432095055659051,0.8412630591517024,2.264555351338054,0.00932714467781699,45.75264744613586,75.7181823454693,72.1441438577138,12.093995132216996,24.360963283580517,1.0760373446828555,222.96018179429637,9.653741321697167,9.413807339562208,57.8146742298003,58.505449632668764,292.1901761344192,KHCO3,1.753299545487178,71.9335871841867,72.94967534420188
S0154,10.299602445273697,0.34155655851051525,1.4532627442261217,39,0.06796620987150084,0.15237620681166558,4.743721975748555,0.09638231608784736,33.183319506288605,83.47336187013885,66.45541176216699,4.162229925114609,92.85186399659256,0.5564989105479697,41.69161372333202,9.862900521629648,15.748530411394709,57.323323187050555,55.77233454948047,289.7931556226781,KOH,1.9804308132752688,82.913838494122,85.61552276920266
S0155,19.727358628101413,0.1478793519367534,0.9784711934351586,304,0.014037650408731814,0.43580184776450204,0.3030245385745489,0.013508014622576071,69.13101149761764,57.06576979254619,46.13517942255745,18.651320821068108,110.32758531265637,0.3369251495348461,237.2281485485297,6.818196867747444,29.91987696624187,57.27969733705523,69.37700099735932,336.93189572581883,H2O,2.066185608920795,37.6982952995284,59.807257366290706
S0156,5.599050158718508,0.796084937377593,1.7481122437825045,117,0.024184260234733083,0.9047199960573907,3.4269767172300285,0.015177540985110205,32.30999955352364,82.59151291494707,70.28306802638599,7.658498713648379,123.45227505294525,1.213795515761967,332.94697856356777,9.650484086913844,36.21523774422897,45.99958254347224,73.32915345000757,186.7341113907001,H2O,2.6593930119466096,91.26819278297395,77.33734733828072
S0157,13.770575400711692,0.6238720283692284,1.8023967093824045,376,0.07888828318028926,0.847391054955368,0.12483111060028584,0.08895766183304922,63.06590048228903,65.53250788257971,53.33927865031211,18.332119793957947,64.2281109991935,1.5520857806458686,526.9637601350385,4.2561166630659715,36.63145675032402,54.30331720976396,74.02163834467378,293.23816299002107,KHCO3,0.780404574318218,52.02220126281687,61.69609453034169
S0158,15.470772691245633,0.5381264810565584,0.8492246444781762,290,0.09710585444100352,0.40693234484831625,0.8571708835527136,0.09439282834764579,67.82232186662151,62.43740164640183,50.613982114910385,18.55732144179553,20.84830335575531,1.986992796821305,421.80341808774466,3.177944796256674,13.499595413758227,59.28441549116235,64.80607120651919,135.40404984555937,KOH,0.8608717973380265,69.77245013044609,68.11801795507529
S0159,5.5151133358555935,0.8949536572204481,0.5608873164977527,137,0.027004888617266524,0.7654772799652952,2.2678949996141706,0.07658290392349099,35.30536989207994,77.87379168749149,66.05700802386372,7.70682608857862,82.337500824476,1.540774972699985,93.6019184859476,3.2758667470327296,29.571488947384722,62.72475732997043,66.63627311853082,134.09249648155497,H2O,2.1417188806011365,91.83208227584053,82.36059025583097
S0160,14.836110623625332,0.7907112391122855,1.1887771539007908,238,0.027885307710352948,0.8249292224017707,2.274362214014341,0.0005404923672669871,64.06513758621897,66.87435198832517,57.994711553795504,11.332762970963845,22.060960898563707,1.607901587085604,114.21540492963783,7.112587355987453,1.4133359555294716,60.77695006578321,55.366655808420774,309.4537835401731,H2O,0.6138620562037105,52.7064231693223,65.7428924595455
S0161,7.987879521665811,0.16015813093542366,1.825603057777215,120,0.04781681614827958,0.8899985497635935,3.4285027146682197,0.00013462709565637,30.667833640493058,84.03134712333494,70.5793052536861,1.0186637488233392,31.95798638720399,1.2712756686347153,274.0303196564736,3.4314931840577647,17.53875374921576,68.41603004925251,64.8212376614688,358.4626632704035,KOH,1.446384174395485,98.86133217031077,84.75018697423936
S0162,13.01381078127801,0.31860484711759274,0.4292177561212765,145,0.09840019097268835,0.5490607113587357,4.551065174338783,0.03781007697874508,52.76547399797188,72.80395274338021,58.46554574556272,5.351208637840585,62.46957292912729,1.9732530520430338,141.55341843410906,9.70981924776861,6.283525972936258,49.09082109810924,60.28282685565047,104.17998500657957,KOH,0.1580997138239239,80.29314074664285,70.19359092545082
S0163,13.037064504457,0.2560042484163211,1.2497035012913307,371,0.027626935636820636,0.2124162771941647,3.195160794574604,0.014339537001089253,51.163089057857,69.3497759448206,55.129312419345,10.560334033319567,76.83236644282303,1.3159171317176839,45.874373222170775,3.99353247531579,13.176278588892055,61.48466014999427,65.74570126928356,105.25545585690051,H2O,0.508840077271331,76.09559327261626,71.03380976040103
S0164,11.17971899742041,0.7465068296469503,1.266804837984116,195,0.04129021905379213,0.2627559857388923,4.767675489257544,0.0018386142151597285,54.38940638759156,77.31420887116677,65.0014965570877,11.640630173160012,56.33102735985431,1.7344812441594382,488.8584816673,5.133059642370851,33.21111247587274,51.3258351406355,71.71102280526716,304.3862111572027,H2O,2.068654516583698,70.21541087001884,78.2878560034279
S0165,2.715505631033758,0.04319711038842159,1.4688949146064092,153,0.08925652154672717,0.3027377273011882,4.408078199389988,0.04640666894045047,22.35726332053306,85.2242821870083,76.02335982809683,-1.6062446649613569,95.64248464561202,1.8969908278578158,41.12786529785665,8.75762461398844,17.413857792387674,53.87739843287239,60.45795452710175,171.54308852764052,K2CO3,2.2676386500970866,106.09071693103706,82.28844482565532
S0166,16.87074741619552,0.5741907880226034,0.271819693403247,81,0.0012891822295148388,0.5978644560015194,2.922498977653951,0.09430618974069715,66.4057145025947,64.95015387621012,51.620612711938215,10.68438173350555,27.195472598352374,1.8667311509510658,503.493074962868,4.5311822617286515,27.880929369387726,59.63082443823053,65.16756893150179,226.57959600850148,K2CO3,0.4344251963898429,68.58356025880829,65.10558046938203
S0167,7.094821234462981,0.7648340988832836,1.4344916797173561,138,0.004936830533868385,0.04248152788732236,4.168959754594137,0.03238195749024314,35.99491581782168,84.42007143434752,72.28120779214345,4.192166044572414,38.79536233114601,0.8246891531883773,112.13925892879062,4.700779209181994,11.251965267203927,66.65012990830303,63.385759259206765,230.33680144141005,KHCO3,0.7603576961924713,98.56016924422568,86.09010846068439
S0168,4.54385169759723,0.877997980394132,1.8189747161246257,373,0.060803096030050706,0.6396820440921686,3.21288805161817,0.06611406784286965,35.882637925284094,77.22737611565164,73.95502038333802,8.152304986261193,110.38359209820636,0.24945791079709145,585.5666941600562,7.496162690537128,56.147119261649955,51.254736134243466,79.51599863492127,130.34878667821238,H2O,0.38682289495744815,81.05994595954307,81.3635631381821
S0169,1.7747276895405144,0.3486609312287484,0.3675693866517815,270,0.09083063630657186,0.3707106960439497,0.3927891546186357,0.06522353531324408,38.08745667381346,72.87899449084561,68.87937851244459,9.311478400599686,38.4783109677293,0.42656003482456895,374.20812974092837,4.932602619424836,25.853254978170146,57.51061844119864,66.72619553528799,50.5915850437819,KOH,1.356897247382839,87.05355834669464,86.12173789504088
S0170,12.226965920576594,0.8230447316252927,0.4827112165985165,12,0.02464680937979084,0.30228938446474574,3.70282361629755,0.025108010366516775,50.47663644373146,73.45850675302295,58.02304578100832,8.332075095371303,103.17077620415492,0.2125242802535542,448.9402938290404,4.522133438053902,46.883320345669055,56.88038082804422,76.27802967505878,433.9183144860533,KOH,0.4657366051594365,67.48538689199871,71.73472335484392
S0171,13.873722875003367,0.11952541958565514,1.9430762371428627,458,0.0474945356933902,0.8807016050208452,0.47454220633673105,0.06504252488238643,59.72997388643726,64.59685045573393,57.09009125405804,16.758550744282452,27.10900069793752,0.3002541761753661,92.97566794179698,4.779244000139602,7.21505160126156,66.89658908327162,56.63637856536189,371.75088600395975,H2O,1.3681584497839812,66.5505331205456,57.96756240112387
S0172,1.315168749629267,0.847987768817173,0.37014413589188466,397,0.045596064864124014,0.46540237162499093,2.970413902848562,0.021233397428689127,39.15162187407144,77.69297729448566,72.76176642210936,11.940761111094213,72.95969628548825,0.4508373671980255,521.3993218673436,6.4345324953850875,46.44316601529095,53.13375122624373,78.44690636272395,360.74235115200446,KHCO3,2.2230849418232816,86.03026800982987,86.28032371576107
S0173,10.729768107686338,0.1362137757086626,1.7102263358054626,113,0.04782416326345551,0.10410251507736584,3.513201029291144,0.012200741357688906,40.26197363424693,77.45024910017668,64.98289120868583,6.1360383916370616,43.06323111575371,0.7480792015160632,508.3396354367769,9.762699109120375,32.744530730318694,51.79383402396438,69.9157684721018,295.9273121509939,KOH,2.0818270361159104,88.80187579295527,84.8013472354216
S0174,5.303419728760821,0.4033144176547636,0.9896329343315893,492,0.06262944987724478,0.8284793003459846,0.3326380410542762,0.070138328555969,44.11423892209828,71.47448704255467,69.30281786676656,13.841304872443171,34.25271672957423,1.1327253284926442,402.2058569787791,8.825665590928597,21.318094635938213,51.91656168655358,63.09786648363447,365.4363445601542,H2O,0.913335411870351,71.70809536806904,68.9437512279182
S0175,13.258283017779547,0.7993224121217581,0.5019898380623223,233,0.047504632536077694,0.05716484486214154,1.1539732696326588,0.011344081710391675,59.25237261957457,66.54014720456458,53.21818350301227,12.95922977326866,93.71426185515958,1.4521959127746633,316.2966728193708,4.99227185192124,32.257477174705905,54.29858934815638,73.46538379337706,471.0597698964316,H2O,2.053911392816104,59.85456567274908,60.07784956312351
S0176,4.312962151094837,0.15841825307528604,1.7427923035322976,329,0.04529934599092333,0.7294817319265147,4.5783611613082495,0.09969092185893554,23.166904447986518,83.1434332903927,75.63986754977934,-0.8031033328262787,140.68365036073084,0.5007619386023726,441.2488286850533,5.543612459486685,52.6234631536065,54.223490625496204,80.92749101126199,349.553181303181,KHCO3,2.790365179608773,95.74627673950275,86.55712453325063
S0177,14.127817023946854,0.2369588812803151,0.8961574574553043,371,0.047954553622694795,0.7761671595529585,3.0815724611644817,0.01834524011502293,58.707099919940546,67.92875216735418,59.81020523735776,13.108462823469859,27.122316230061347,1.3777925680524648,33.37908274202054,6.251585753528541,1.6530478661639247,63.48967186485577,55.48717600410588,169.29113086735248,H2O,1.107820722546255,63.630474478651905,69.7383045799055
S0178,8.347971579710212,0.7250300427091356,1.0344865343200835,363,0.059495876685833116,0.3590765798695696,1.231430094052658,0.05941418627564576,50.783530990691666,69.07677302449633,63.99750025856886,16.499115050859913,74.80205226834445,1.4380922415545974,367.69123057712187,9.852507529118933,22.174593626425768,47.157632163676446,65.42184337665216,306.75202328340407,KOH,1.054445545723059,67.88820698119704,69.3851125937654
S0179,18.797869785997957,0.7228361711806136,0.7248744051055337,482,0.054163741346784484,0.8265399777150089,3.453398855740033,0.04113745714125894,73.5672307219716,61.185324929269065,52.937433848468935,19.89509314325205,111.97960690690768,1.16138244004576,513.0214969096648,4.2067332783500095,53.22042076551424,52.222989896354946,80.82283900686909,249.04598151479456,K2CO3,1.7571720892978506,54.86169643978275,66.6416912483592
S0180,3.6128979387738718,0.6447361565564443,1.1899721943555055,19,0.08555946376739992,0.5205028117978889,2.983882099808448,0.012638642240566711,30.411566556188447,85.51462602286293,72.68499246827346,1.721012731530824,80.1494181194175,1.8168739526175501,233.43293568961028,5.50238172444318,23.650403144250614,56.007248349596935,64.6852132233489,300.3886090004672,KHCO3,0.8119552519796682,87.66222984452779,89.24002690525687
S0181,7.4802606699549115,0.6970089600224291,0.3354125064441953,414,0.005900188495872995,0.4686607167400689,2.507878499589742,0.0027843907577413396,51.08688202984003,73.921194798398,65.65019418523974,9.33425622780735,124.84447299368188,0.3108901464514402,91.7249331952626,8.105982657879004,33.41860317875695,55.298233507823554,66.20615280213374,282.9247148357713,H2O,1.9895788911427308,74.74936086986813,77.59106108136716
S0182,3.155996903571192,0.5472971989141202,0.7882522579370038,393,0.08349839007582824,0.05494924865400562,4.880934874940419,0.06227322822928333,34.74315968359281,86.75891287175367,76.1332762428683,5.16379836652156,43.35389106233712,0.436530769444597,269.9000323536275,9.747606139882603,18.703152037135688,54.63742081884211,63.289800593654896,436.44887835280923,KHCO3,2.513559134950195,86.3444865856168,77.28260230322232
S0183,18.569178747292693,0.2592810683178832,1.939130521447222,311,0.08454853664856068,0.29712890171241685,3.4172688870375447,0.08067575637891261,61.478856975368274,64.1254861243367,53.41986774103763,10.68985305473111,144.74724665360628,0.9144631663400211,444.4495359633489,4.089726489349664,46.66666278735181,53.88441085732594,84.65514200565595,343.3100465214802,H2O,1.432023664786033,61.47969748371771,65.77839507834523
S0184,17.66944771423864,0.35223903356888026,0.5236855310752438,240,0.029205894131565126,0.9316998711764468,1.8772055483395633,0.08420156615067441,63.61071070861344,62.86065558117147,54.70124861392645,15.384915063414674,70.07114161043026,0.3407541969450538,91.16168991128333,4.59165967936042,15.579736351125474,63.10947229177377,64.30718455197957,134.94131507034677,K2CO3,2.070571242292309,63.44817952404573,69.55389763197721
S0185,5.900890926587957,0.1897817396334114,1.3169059624371715,228,0.046822343546569216,0.397905723650665,4.00036716038434,0.048271347307693446,28.028028340888845,86.47925916832999,72.72323736950742,5.465912187268356,64.40405228275577,1.1759626730757662,147.44767932134727,4.579862720733011,12.509804067307131,55.67535643498749,61.40741130801436,78.35755049391688,KHCO3,1.9904677292606865,94.87149504995357,88.55578966506056
S0186,13.539696874649401,0.909366055720292,0.6571282278071429,420,0.044415310365206115,0.5512335153512007,4.4229164646059385,0.07774554671823856,64.1921059417473,65.68726358067784,62.46929005440824,13.78542323124762,133.69875328541156,0.8569608865579064,114.10455269235896,3.1465242064445147,30.946664848462486,57.89560829838685,78.12635146377238,240.96370490660613,H2O,0.2121301293580096,57.9715553400805,66.23811211573621
S0187,16.527221803823103,0.5875578768184593,1.5492115201163352,75,0.0226324736010589,0.5367014621944093,0.6261027975841571,0.06728471334885448,55.452664757409174,71.12998333308464,55.318447220737745,12.471587963029723,93.30271414592966,0.640732009618245,484.2602206778782,7.228809374866646,37.51436428753529,51.45795369005699,76.29015189778613,57.02478001597816,K2CO3,0.6319072560097515,74.17936084432968,86.2697743601303
S0188,11.548815420389785,0.4068429025960035,0.27043858482951616,434,0.04028288786154533,0.5945267789244664,1.0027648892263326,0.07242545274991333,60.98739548543523,65.34787484782862,58.311563562200604,14.33390974459314,87.13776444736679,0.4229806447335108,65.84879479791749,7.694921519021257,18.900934887274467,59.40586876532738,63.60171871900105,193.23382362500104,KOH,2.6912370052725767,73.98498777359671,75.88707507748906
S0189,11.063360988764122,0.46738574560769136,1.939943879706304,121,0.005394389444914589,0.07071764608684979,1.0811350456388986,0.04925990052218141,47.5736645844342,75.1631644323666,65.04210643854103,9.364155693432235,114.50712953869602,0.7371426528615995,421.3543062052268,7.2176812308767735,42.41435053300484,53.09452549989086,73.94807303670207,215.60966124765153,H2O,2.8227872273585564,84.54002246358503,76.82651714753895
S0190,5.595193527108582,0.9478105062156972,0.9130411873534421,22,0.02850438520539171,0.368554492250741,3.456059046932702,0.06334117402421272,30.88856338396763,79.38624524964321,70.78982407166397,2.5935849238104463,95.37845097654174,1.2551227665814497,238.8804448293191,3.4992609258897005,33.97977266963167,55.42589143172426,73.9534913145573,219.01499330446575,K2CO3,2.363274955742414,86.66411970959348,93.38157927948936
S0191,2.768952588312085,0.1618178890849194,0.47974042205946327,402,0.0818515353696211,0.7258969911437286,3.0151977752664165,0.0805525913576057,37.090245001015056,78.13319805977125,71.38555611107083,9.386152407577658,41.12703381842499,1.193991900689882,460.8010084446223,3.484610880219422,32.10145486631281,60.95346514935795,75.09180062801445,490.7075109457517,K2CO3,2.7716196301503144,87.22082353174085,81.23977163813565
S0192,18.047099401113208,0.5903675336966293,0.1562585271867252,429,0.02917166787452686,0.2085546485622531,3.094957823492941,0.03978841755570231,75.51981989836402,65.32014623402523,50.837043302288436,14.348032530651192,107.64569097244086,0.4108856003994442,579.6985487069014,4.472705881458868,53.77408883765887,54.518759709749794,80.48034711059721,186.75539463761072,KHCO3,0.9878310876638668,64.82613885016272,61.68223477423649
S0193,18.10794308610328,0.5108297920956213,0.34781823112420607,95,0.08200246020607652,0.21154259377089685,4.703866498447505,0.08059789008675838,61.84707075208344,70.02980378276982,51.081167584347824,9.407080053883707,37.3509543066767,0.33734764040720344,95.2908207642949,5.032061609892402,17.98798477329131,65.10974297173242,61.02206668666492,169.35237292037954,H2O,0.8183618181592363,70.91529867082419,68.75846112639502
S0194,13.028927688192091,0.6153396930803013,1.044350157626475,243,0.05362834699583866,0.019989700622134482,3.87955766403653,0.05920168427890629,53.85826532834721,72.16167928005187,56.61356713969619,9.099103636287271,124.76150169342806,0.1506858489568578,209.19947340845133,8.505805591370333,34.843662784007925,52.09438527199759,70.81662957311163,108.22141898039355,KOH,1.214470543925508,82.78589895682774,79.3356260610922
S0195,7.441566029925313,0.027929081982632102,0.6806363210982598,99,0.08810640505875485,0.44310710734212766,0.6396846225589159,0.016590102437078626,39.72830196057703,75.31488615219648,62.209808157583204,4.903217676341254,148.66575770259522,0.12360862820847131,491.7714937997485,4.115731860242448,59.638955095798984,53.90900620084963,91.50796181489137,279.95397605717574,H2O,0.26049179579631326,76.74344824711329,77.45836933366256
S0196,7.634981917640557,0.8734026698547099,1.659477898106393,323,0.05790317587217711,0.8839070368666878,1.7375354121259052,0.0024684157224584614,47.993867532580296,72.67992926686092,67.35863004144076,17.752984345026253,69.06039124672091,1.771639827867402,181.7102800491706,3.308645514782725,19.026927132489128,62.55556415841012,68.90608989956594,119.1534377961293,K2CO3,2.4486276952198507,78.73780830961103,84.12777638552394
S0197,14.793157898534549,0.9327970996587762,0.8674661720869938,63,0.003937154083409242,0.061381934151435925,2.176968230878678,0.03627536003991521,54.546975647707214,70.42929055106544,58.020962585882295,10.897648886663408,77.81826676626163,0.18566882641024085,152.6187403162433,5.757912553991385,20.13273233562286,60.99620957453522,64.08919763638484,327.33262072885304,KOH,2.954108906833724,81.69099735390809,76.3073708362724
S0198,18.045094939098966,0.5694818517533169,0.5049414024493835,21,0.06786660054716183,0.1992075224010426,1.9798079437380245,0.05466963282963399,63.48726268446518,64.38496356183225,48.56296343422795,9.774867894434859,26.0363752127656,1.4893201087591679,500.4654473853139,5.914745190993442,29.888789193558544,56.67454593505745,67.37954291647738,119.8219005222573,K2CO3,2.4896849480661687,77.3033376276672,72.85820982015906
S0199,17.85464206103723,0.6996843156381234,1.2381185233420198,218,0.005440503234333298,0.31698369295932755,3.346543045809396,0.08398203522034885,59.316177782989534,68.63446716053176,55.887350280260115,13.03764216596286,21.78531445073518,1.7567716828654183,592.6369474834031,6.15635136732268,32.82894206817537,54.00979188557224,68.5439330823817,309.5029929916405,KHCO3,1.7094284710723897,65.1982410126248,63.64890635167704
S0200,15.817635371294854,0.9232743873655227,1.416486661602037,471,0.045609104879330266,0.7344074891985708,4.459465516282813,0.01274856801402462,69.8777070629997,66.34492408489936,56.04322244979751,14.026631173365198,139.7845135339226,0.2863099122686694,347.4219363843405,8.78832480818878,49.106710652088765,52.00993565218417,77.15273171001057,421.82115762858183,H2O,0.9563177144005544,59.4326243897765,68.62715422187947
S0201,13.198601276931468,0.7101662479702646,0.34241339672289023,23,0.09301324275283829,0.6442292368745607,1.53025731761394,0.08002063476835791,50.40075017871155,65.24535840941412,54.30677287361642,13.047289760238042,36.72112785709497,0.9289727052827335,188.48778655000336,3.686037904096592,18.22644589942162,61.491810939536485,67.20149483711901,69.1360850835917,K2CO3,0.6733238767763837,74.39369861883544,72.2970712972535
S0202,2.598659334905928,0.16101365248511873,0.34356224041375216,130,0.017355189994447167,0.4217844655360365,2.759385682105928,0.0863009046067227,25.051516961162523,84.6073992380915,75.36164610940335,0.7998263052380383,77.95123718273115,1.9283756680311257,257.18259811203075,7.927594576953735,20.995200658907645,50.72647089618094,64.53127861874289,238.88613871319265,K2CO3,1.155782328210314,104.86630744071721,81.37410909525967
S0203,4.070945567797661,0.5805254765651451,0.0829761395977505,427,0.03959736294121287,0.7614782498657919,3.9470471095679285,0.01506874870008338,42.37623745852698,74.53400160590228,71.32321989756461,10.542592766531598,125.99610110122299,1.6848634549948116,126.97428660865714,5.365618997317036,30.615960271021937,51.79269538604054,69.76729993946375,257.472035248476,H2O,2.034211635689798,81.54768092305171,86.24925275063265
S0204,18.072529582014507,0.6106478959190274,1.4754400099806246,446,0.07325617057599937,0.613534701540333,2.0810902942267466,0.08515943193042191,72.7005163025615,61.984165920541145,52.24203507063793,16.110825175828683,135.61143879068155,1.0304376605299246,464.27574896772893,5.169860955048289,51.5567084205263,52.04034725425228,80.18313328515941,405.98246456515056,KOH,1.3964785110683886,49.733772971448076,71.95042343044716
S0205,12.52215213353221,0.42988936458936217,1.3309710099673921,386,0.08834359705338991,0.8970803916606469,0.8405906419964793,0.09914535678427921,61.98333178735713,68.24695849828548,59.00948908619134,16.009282049665842,87.52169908685079,1.5488851143039504,470.8801901589777,9.52780188260186,37.931879269159154,50.3240587617013,71.9649473780017,260.5620343754949,K2CO3,2.80877347824501,66.1198202766592,70.30034343489643
S0206,1.1747439807159634,0.7390797932684756,0.9545154427421296,29,0.06742335746950828,0.8198464816473061,2.3747548263187412,0.07268388310482375,22.489592075099175,81.31149871964378,72.98764323545095,4.423491478585786,93.45422824687347,1.6834174864201614,528.8189656580219,4.7392796709171945,48.72119220607413,52.08517831144094,76.9262420164682,305.3911039053441,H2O,2.577238994600624,109.98198022125689,76.27397327933683
S0207,2.92795931445461,0.9350233446213247,1.6898991934487022,84,0.026559152164925753,0.26028547002830854,0.27611260371514235,0.0784769681824988,30.412456240930794,80.67555137081331,71.45726397200609,11.73331461608353,107.05891642022543,0.7612512300585665,45.16346125004141,7.497722847375564,20.152284365773397,54.17493546929935,60.753515150566194,406.041914114632,KHCO3,0.39696178629240697,73.48313016109483,72.92234933396686
S0208,13.60653361305306,0.9263128277777085,1.6132836043706058,409,0.06778617743870541,0.2787241918578582,4.7119172700113845,0.09944152675588736,52.381971407803704,71.44916914688733,62.32102827204486,16.162190075929413,144.979721118683,1.7950905420529257,350.3293647270362,4.925894301632645,50.99084537599735,54.028971165122954,78.62380724319266,301.8913218181808,KHCO3,0.4814231492685589,70.35358191840449,78.11522543132213
S0209,1.096170093078155,0.4563309776900908,1.1748551851495368,252,0.030376036469304913,0.13410291103446176,0.3741060259748652,0.06054812505259454,27.42262629433586,77.21659104194924,76.07921789906322,8.116448715066692,98.34709492278566,0.9938993073865978,152.1255975756151,6.550007178482696,28.580384595522794,57.193004717300425,66.72504780155711,211.23473608381207,H2O,2.0610936373703215,101.87856419230909,82.85977199327577
S0210,4.0553529769324745,0.1221056653823477,1.7378598482213847,232,0.07212449375205479,0.3435950784602819,2.192283576252891,0.030788638201624943,31.53180856257259,85.7604087631367,69.6094894961044,6.339587836270274,92.73178372932502,1.102833990761777,224.30331883064355,8.504050248173945,25.3483375273058,53.55983330071751,63.91519906000188,88.62902492926202,K2CO3,0.7692283309430274,90.93667780568147,80.15632458284337
S0211,11.425941997965136,0.9849927869727112,0.41962400797316884,79,0.09544927963091902,0.9995484795319034,2.649406305442631,0.08375308340760557,49.25107958797656,71.24028092084319,63.6740846184698,14.066036323688945,21.889437584578786,1.999444511861479,477.4247007133093,9.172057664613824,22.39855656872581,51.4359754325221,66.650458666388,378.4620332806599,H2O,2.3939866433340784,54.39710937824697,72.07211821511164
S0212,14.146008756161171,0.8405091055814747,0.2327200426014785,321,0.07241795165952254,0.4116936569289104,4.926519161436428,0.06144857775116313,62.13361091046415,68.58392751666463,58.39337135643139,12.05507827568262,30.523461262906288,1.7022756356891064,139.45918184605281,8.870880682065351,5.777566610111456,57.74004189725115,53.56278869836537,442.0121675729698,H2O,1.814938612746424,45.62372185406405,62.74134660941709
S0213,13.38726393054941,0.1334160543912342,0.5468017269188093,220,0.08642516978832883,0.22828355034221534,0.8301091182143039,0.058119542372095656,55.31364107484478,65.22187987086093,53.29049291306724,11.072978769262884,95.0323114611195,0.787363010968662,393.8547978312211,7.075265153012479,37.647696281550346,53.97893952596645,74.75867334849077,486.5290416590738,K2CO3,0.766508530426715,55.572811539377064,62.9726372239818
S0214,5.261116879750636,0.9216334637911986,0.12360284361773655,110,0.0012082804744124578,0.7648580556307975,0.5721575930617928,0.02536355555140383,41.258297772813336,75.25997262489332,63.02204258807527,6.149650615674856,141.71125041493642,0.11965663329812991,403.1027289974509,4.741714207367555,58.53563615422577,53.817072813403136,81.96322989717258,466.96994634720573,KOH,1.4881917126937145,70.9562959641732,75.78152069100463
S0215,14.531405205603182,0.871197398441507,1.0670273607220537,195,0.07203964034842784,0.5470462934280296,0.043530735312717894,0.07563342695828867,62.264459467847026,62.33327520874991,54.70873115819995,17.060533746736247,132.66987529192136,1.2897307402084,573.8335314943114,7.62863368283306,55.29828705568201,46.05795045980406,84.55877842738516,408.83805897496194,KOH,1.2776212478643967,63.60938324377,71.04544313074227
S0216,5.507732662439201,0.5236496765548114,1.8738453276669733,141,0.08312916812965979,0.158105435031683,0.7778571843465115,0.008166727586009627,32.51016553341599,78.86686614891568,66.83802818729791,6.203959318341704,147.7352599889866,1.4374355096434048,471.8417292614941,7.969335320457256,48.13905894556153,44.002932756903995,78.9430047584678,339.5623695105777,KHCO3,2.6321621416492738,87.8185392172796,81.86309612899099
S0217,7.182594265026086,0.5953626813874799,0.08829364593033419,120,0.005015315016923461,0.3868827843492571,1.036364895338338,0.09242870707946613,42.332580990371284,73.87129457970504,62.27083419882306,7.787757965088884,88.61842488296563,1.3365251112724215,488.07203387760524,3.07484393079451,41.13150767129816,54.31210558839223,75.15938491176728,401.6570656237873,KOH,0.1932711774334458,64.53565399522057,68.85444883529699
S0218,15.183336697242458,0.40501267683142894,0.25299872887995334,390,0.08728817500153484,0.42032501838394987,3.1529047079154617,0.03258234607704848,66.54418404244149,67.40927291933482,54.60890522802741,16.224829191369192,122.43102199690969,1.9389384672101049,333.01242694019925,6.074473576523122,35.178268917310675,50.09621312923495,74.93154509863989,244.43767078343058,H2O,2.6979472823536907,54.55367876579092,68.10552274522176
S0219,13.343025081897078,0.06421402243381102,0.9098760662840362,141,0.02641272860269454,0.7562914035635264,1.0985339519570019,0.012777465278999046,52.58704202581669,68.3306956216264,59.01807205895543,3.406359255436433,129.25204309361425,1.7396449519310742,136.46506008255128,8.90283429975235,27.74541769275539,51.7004090775336,68.83467581934597,317.64929665587573,K2CO3,1.9910397803512558,79.00689190114248,73.54424522541885
S0220,17.13524479938938,0.3418452692294419,1.8684112848805308,29,0.06686391809582747,0.03046465520298542,0.10260407364662605,0.04423665331024188,59.985611695127275,65.45374934036717,54.468035042983985,13.879988213625001,104.24411545301203,0.9527802170432321,272.5711184594604,6.427113173701332,32.16296679918329,52.626534404033144,70.36081182893103,206.91491411263334,KHCO3,2.2388607438902985,67.23086766245036,68.29733623586333
S0221,13.494644953706525,0.8048249141120313,0.6391506489037335,403,0.08023513302331726,0.27632945033032735,4.1330917275124435,0.004246990925653316,67.55512233957093,67.53526082911095,58.251268850066474,14.317661994292017,64.03748754788595,0.2194292261975238,343.2090569017376,5.179628095143248,32.65263380195817,61.78951765816193,73.05773548646644,197.01914674117222,KOH,0.10756164383863784,73.38461620783666,70.29210248006439
S0222,11.797863463373961,0.014585702774556831,1.019397269289901,33,0.0666037867928762,0.5224203383023668,1.8279785050198338,0.06846261942649663,42.57447206088082,74.81323655827016,59.595812736225184,4.416646269603301,81.09719650551327,1.0045116620537942,416.69897347681604,9.102584397172638,35.743540136681396,49.38029998411976,70.4684651425229,390.5112979742152,H2O,1.921894358707974,80.42029772406337,68.29791348968644
S0223,2.779820588733757,0.34016417997423276,0.09272998951028026,236,0.010136194415252466,0.2761582750283149,1.7684834329036696,0.09027055104453563,34.9861028829706,78.08899547242719,67.2529404707793,4.819053840477109,131.5292193916638,1.409563637927844,376.3941937441985,4.0911648827086395,52.27718995621635,49.860594729916926,77.94335951220084,254.26975203660277,KHCO3,1.8066098747619754,82.82570468297263,78.88992399408102
S0224,7.986600258129237,0.4041870066550339,0.30520296991455687,163,0.06003583036717647,0.6321497069448089,1.512395145839633,0.08372630071385088,40.63487183792679,78.79358920499847,59.25740961794267,5.149814255526751,58.81123037768131,1.2546486356313087,254.56736248282883,4.445116626913403,22.581611449207998,61.00633183688082,68.70789820953473,145.47256831896314,K2CO3,1.6578961135202697,90.89314142371435,83.1569583749952
S0225,6.0388449859527835,0.5420216469085437,1.9733939446881053,302,0.05540878201549222,0.48704880448187043,4.876866385732105,0.012736947344788108,36.057454011559926,87.45232839423505,71.47855786014203,4.809039927953078,140.0866070646643,1.1224604286506814,181.2284709876296,7.811606568552934,29.82531121091594,54.31549241802599,69.07753545931794,140.87217287383965,KOH,2.3790138844470663,101.68900623963867,88.21866797652814
S0226,5.635803224202588,0.9206570602486329,1.9305862059077306,239,0.09013180553935288,0.36809315231098483,0.8505770865464074,0.012627113710773186,44.2833020339743,75.16127131240926,71.81711098621146,18.741302162524,49.874824384946464,0.9907560202289585,125.89158062609935,5.467051590686025,19.485830888720155,59.70253604654027,61.78032927753449,436.62756270647014,H2O,1.7120261795498652,60.79900431546798,73.49902621795225
S0227,19.487200540296467,0.35288253442230166,0.019830562059475136,478,0.041019733234776715,0.9497165406018071,4.491190319766176,0.08134344823242641,74.68461897596421,63.88600416964085,51.713119364484065,11.962694549022727,117.4371339703815,0.658147558752034,425.4918701751918,7.991117850136453,39.23387706650648,47.4999342601132,76.82432657169089,354.99222246320204,K2CO3,2.585581849723587,51.604415079732966,62.47392934352425
S0228,8.468856768668449,0.3534836698772654,1.9041054529922457,319,0.03278702861161797,0.6358379041945929,3.88401666069944,0.0924254274603116,38.12104909910922,79.71361988515481,69.95073558377888,4.091281426010044,101.97270046494599,0.6269588472767955,397.87724435811646,4.103925348816443,38.55815376354404,58.09471346566307,78.17495419450725,295.7207330111521,H2O,0.7746313105879512,97.22181315403348,81.35496194254308
S0229,17.948884548365154,0.7401262356286509,1.2818486762528458,497,0.07523522567921016,0.13864195854526182,0.3823997774965654,0.046066982983348916,76.38955022336685,54.88974560716455,47.36344434742505,23.965535724975435,117.4479273456991,1.0504398099590235,421.80230548194976,4.7658836272059215,51.15331813964995,52.04892078880842,77.05072042765778,230.42243119836175,H2O,2.4373495080179297,44.422404236710555,65.38597568247997
S0230,12.991633893947995,0.45769576148090907,1.737157406094844,368,0.04185485728225627,0.5644907804689615,4.933645507504243,0.049897111691376596,46.25662862716361,75.37826045245433,62.304230036713754,9.27672888568323,76.85518441623734,0.40514597821633314,242.34064809759306,4.096531648545435,32.79497724774656,62.44698638198423,74.89616196585152,243.8678258542066,H2O,0.6200070411919366,78.6843136979164,74.56621477926208
S0231,16.10141476729132,0.23235877471058214,0.9149323127113796,414,0.06496352132550125,0.782924534668892,1.3568298176950528,0.03182620413857259,72.69964792888291,64.50382169056388,51.47491736990514,15.354224576219758,141.24333813201798,0.747302304792123,179.57245886532465,9.670372194944568,34.67468478245839,51.821316397374275,72.20872459111793,75.84583738772471,K2CO3,2.458041596710042,64.56435734159554,72.88901403223751
S0232,10.55010476899865,0.4579151209713665,1.036036096872708,211,0.0649985589223361,0.7114048005178694,0.4929146351120617,0.0894265118256414,49.86819214801893,72.41480337714655,59.87223716710246,12.624934220416185,102.22138631349206,0.7155606219491891,463.04115734812746,5.837827725956469,44.381025410744996,54.571166462467524,79.77590730037736,254.70956519052925,KHCO3,2.8273442046028463,77.8386151801561,78.75098730414089
S0233,11.961173807900822,0.14944845017600186,0.9828046947112712,47,0.08891586737165166,0.18036833700230678,4.146571170628797,0.06449029052923559,40.710665426852316,80.46776424710852,62.0325857582651,4.150969691504402,57.47845459205332,1.2155523230099818,470.97901518154043,5.3605393693715815,33.531353982314,57.93671462536073,75.40522716283525,407.9547097799368,H2O,1.0735130127001138,78.06622498954016,72.56413705996215
S0234,10.357836182558414,0.18462311664116107,1.3370598725167477,439,0.06027054782959065,0.9726957990497023,3.5333776683884994,0.02882515771673685,45.63092926317779,70.94657074175925,62.810406539881285,9.308136830927472,102.99915918477868,0.2266963706897467,289.70133316109917,3.099415093195353,37.596803829082575,62.350886618523376,76.58299312898957,224.59391604289505,KHCO3,1.6366703105425475,83.93202385463445,80.24100317970422
S0235,4.709616768162846,0.5033840950120849,0.2879059969650627,269,0.050713207386236706,0.45432550928913995,3.086094029389504,0.02987828710542516,33.81578441937647,77.13322515807026,70.47046676865617,7.865758136872866,57.28604713691405,1.6763704925036806,378.78532831737476,4.073923055876212,28.411841164276314,59.937419981066505,69.32814334158711,222.61156364446606,KHCO3,2.009154166477128,93.0313908826336,73.58614066267967
S0236,14.7265901899686,0.42473619500950244,0.06964744384662912,197,0.014748261313255184,0.16743475370285868,0.7799043184946658,0.08912000730636024,60.09208058333702,62.07551659918435,52.93674079749329,14.065137081716603,58.17221092878365,1.168518922730364,242.90620861209248,5.947950993697496,21.200882658193056,58.44985866812235,63.10621717802894,57.07246235867951,KOH,0.33046783097803434,66.4908156254012,60.40599603210291
S0237,6.33467488637626,0.9156974420574191,0.6227805837664699,66,0.012458023061191831,0.18839379658686645,2.3924805812798096,0.001363402390582147,37.49520404927552,79.93664660722722,65.977181001086,5.008362443114122,71.94780651071284,1.3745706934742772,430.10990406828984,3.4795195480032586,32.68494303576294,59.40068540412801,73.04457465802257,256.0258681511309,KOH,1.5328340827919489,84.31207711096991,82.44065455861215
S0238,1.462003362197623,0.3687699601254668,1.412314717845927,438,0.01627783496302486,0.10725264226718968,3.9027801344360693,0.03227265727266384,27.07816347256198,83.1540602800964,78.49341208855729,1.8508818852646014,130.81595428398546,1.4358784171429224,506.36131008928663,6.575175306543518,47.91554404427214,48.95792702999833,77.96202753076535,61.40194382658509,KHCO3,1.1456964321059155,99.5289918609762,91.63812382696594
S0239,13.263973622236188,0.584782466775263,0.41168836972466727,29,0.01801299965138236,0.805482927350585,1.5181196907192014,0.05543566812163691,51.94696771234517,70.3447791697866,58.447634544760156,9.51184215537029,85.03872367121896,0.6538198600008193,422.29296808132017,6.185108069251134,31.96456322136966,56.08722392988076,73.40870790817581,306.6572426039425,KOH,2.6301213306287936,66.84548571681819,75.8348521811415
S0240,4.36510290873393,0.6359416450403351,1.3501305423165855,282,0.06414983217369977,0.13081018937863018,1.5584491425752072,0.014821746209932464,46.00206290589959,77.59530350112962,73.72041670043737,16.173779752635248,108.25710948992696,0.9937059780312463,322.1720973028678,8.370176982410463,34.7802403766036,57.29386478569623,71.66943667896828,278.0525217120413,KOH,2.642370604254146,82.43095874597704,85.26989218102374
S0241,18.86871310270537,0.0229635120224503,1.940124971753468,128,0.07435714377718328,0.13387400457032947,0.01570453024061058,0.00920987541995898,61.75602834523484,70.2801663500751,51.046258840753914,12.163249460787519,70.9558062356802,1.9168673161523677,291.4350369106511,7.618618909802216,23.125798719179368,53.32270129462211,66.73219931794496,428.00382451579947,KHCO3,2.132260664686987,51.82515007989314,61.176882744085
S0242,19.124642963049162,0.6669019982965435,0.1968624244209426,80,0.05346916076971545,0.8519668986132293,0.8712170082268977,0.081527633109056,75.14089821793092,61.802116171015705,47.64627972459033,14.405408243099638,54.26870717489459,1.5567399521939482,396.1222010561742,6.121631137244017,32.96871682825046,52.60223386057447,70.23514579965003,311.8012749165745,K2CO3,2.0016009763182447,56.036806759814,67.63506574856133
S0243,18.382423414188523,0.1862556072010539,1.3484782152680013,13,0.08307275552200362,0.35115804360308406,4.377028125609171,0.08944043886485073,57.501646502278305,73.63960558590638,54.13826303793486,3.9194912050531423,144.10322089311006,1.9421580629240522,417.4922082127582,4.5726249007355,50.3235148472872,49.708222155627624,77.38194842129099,195.54230989499686,KOH,2.227696531899985,80.91190506595055,84.5892941237914
S0244,8.033015304853443,0.9614596142947606,0.8930629364160966,230,0.09913505944662969,0.04054932526499172,2.2087324581885355,0.08236064207981895,51.144036038330825,70.19436812672413,67.51772806785877,16.98395796335479,98.46556212599813,1.5178832557779478,348.4757828089872,8.088044962124645,31.013542946952388,49.99548315598082,71.3881441564771,282.3039542376114,KOH,1.1613620129081406,76.5330089537586,70.64531858103169
S0245,1.2936757140484811,0.15717610047558184,1.7376030862112357,23,0.08218125028281625,0.061376346523226766,4.9211724961721695,0.08987878897373477,10.017323749372922,96.15460734586482,77.950045191345,-3.3228571138462994,141.41367401575337,0.43364026544618306,386.21709681121513,7.95503472417943,46.78715266313668,49.51120464860474,80.56405263928033,364.86786008746344,K2CO3,1.2731058155768138,102.85932148427821,95.27710338686803
S0246,18.63805268916678,0.4204778824897535,0.362528081000298,12,0.06979335499391996,0.1507487422368566,1.9785398178689628,0.05531119710583715,59.67384217000833,65.39661081871974,50.94248888972628,9.112255436103592,46.44369028578096,0.22261817930488484,85.05554902188337,4.073073123607712,16.252422658586543,67.78361943528641,62.611430844833755,92.28370793467226,K2CO3,1.7057436963772454,65.36557685111853,74.86911057113755
S0247,9.135498818028973,0.09449617139785742,1.3883256449300674,225,0.053716777244277515,0.22125941449593264,3.575932273901206,0.08122581209903419,38.44257345682326,82.7786326784568,66.11935989841844,6.6701381530344035,39.09624130868126,1.197556729767361,572.5063442011262,9.403262819977819,32.07511195328261,53.43623628291729,71.9531449726505,329.4833398116952,K2CO3,2.8202815693569554,95.3465573188704,83.94240226749082
S0248,19.36644156182972,0.9969055093274879,1.6778494263997394,238,0.045436454095796115,0.6684947322960213,1.4095952145236457,0.038404263839110046,75.54726616185015,64.28880731345672,53.419423405989626,17.583324250335888,131.25697792610748,0.7798452314349581,480.7406463272594,3.450835812105302,56.07264240804399,54.396153669526285,85.52357668377131,462.4818268900906,KHCO3,2.1995996349467313,48.351072401230795,70.90422076324163
S0249,19.308779564695804,0.5071730602279302,1.8897822967533062,345,0.009354845673909692,0.16575301720180996,1.8190482057046675,0.06662678614790385,72.48969537804739,63.54238173963495,52.673478552884234,13.118989524286775,108.5192376402427,0.6233700292625234,243.13888573286678,3.3852639622490135,37.908778876365886,56.742969815270726,72.00775980368644,184.60863303405998,K2CO3,1.6978688090390477,73.58935871685067,70.94168831192675
S0250,17.20717965387984,0.5994311671468433,1.3696635762963951,195,0.040537506091074406,0.12768564726530127,0.9536299379544733,0.09888355313891645,60.128430597626675,62.37807103151632,52.0687981734491,16.367021042107453,44.255204902973375,1.6337008932082933,350.8031882435691,4.311452923636989,23.955426919496535,59.20154751448644,72.03341576007548,331.9812926943855,KHCO3,2.3341977432004724,54.82342233441916,69.79993407204574
S0251,6.594528949322128,0.0764057126145432,0.9993777803767704,64,0.0911033290414313,0.7670719500615164,1.735311842496975,0.022572772383912743,33.458746888680935,79.23297968319564,66.67562727900341,3.035275944018114,55.01676108625991,0.7972872074556999,56.97498217776017,9.366225586341399,6.0946792596834936,56.209038172754276,55.289269334523105,419.5982526576096,H2O,1.1755819054914327,73.83702832709808,68.46936819363448
S0252,8.316856843436579,0.752460865695186,1.2395160080004155,397,0.08099424036074875,0.6743447310213153,2.7361876021032154,0.03898997462910806,47.76611449461079,71.28991176383393,67.54193806901048,12.584617588113554,124.08631239829046,0.7023018424951774,53.49985397946442,6.639986868258452,24.20236337054375,56.705031777334796,69.0545091413486,280.31287884738083,H2O,2.2183534333186747,78.30605394632138,76.17090216190985
S0253,17.171596758820282,0.21780653716462992,1.7391209191126493,385,0.022389085136157037,0.44097097924068385,4.958864404896247,0.048004737731008565,55.02944818504556,72.61633752298751,58.864628632858306,13.437200387022607,79.0029205994717,1.7149764270211199,172.95505101381875,8.515586444710301,14.948277398937162,52.794707715815136,63.604379855698966,373.0907903091732,K2CO3,1.290961120019831,68.5076062007573,75.52046760839528
S0254,7.021518097969276,0.8990737465463066,1.145513395811271,263,0.04719417068502437,0.553816673765303,3.3210085653589285,0.013801548702005173,45.34314790933779,78.75154094035898,67.9930797426386,10.250465448338673,107.17026584579182,1.7079459393242744,423.1299361478353,4.594902316535505,38.76660594458454,55.60999953401587,73.85301473513572,189.95465232016704,K2CO3,0.9110180803434597,92.49271354285302,76.77454133878888
S0255,4.220362187035757,0.2130882440771871,0.07047024879670535,33,0.08185559705329591,0.3188641801231543,0.9962297720415703,0.008103861046505678,31.982523675153736,73.99173003493203,67.63272175336894,5.4621156132726165,61.385762877681415,0.7770966117346075,515.7242162460067,6.431553822576186,43.13451180151699,55.76016059785245,74.51866266571838,187.72630381631515,H2O,1.8681997378146482,77.84171806172998,79.02741952010145
S0256,11.579223986708653,0.1987808434570299,1.8625879040588857,171,0.00767107092376673,0.48767541603300707,0.22480720795775566,0.08297228663216244,41.49431566379808,73.3210539418204,62.135587422189836,9.364449012979525,69.55989386073398,1.681747531873336,348.73595158851356,5.5080262453671756,29.09006248251865,54.500789773582795,70.8918034311134,350.4128098093523,KHCO3,2.091944922985535,78.83969380694808,77.6323399337937
S0257,18.78694070905484,0.04618417116961393,1.3821582345528067,167,0.039351865981197276,0.5116059224929184,0.631782406572553,0.09767943728275863,63.68961552956257,66.85766938375063,46.90867331892125,9.480901406720877,148.79263262100366,1.716479131632055,333.3156615619409,8.794800249463348,41.120414366223116,43.08922512963626,71.49802639330856,367.4339932880677,KHCO3,1.4319513274207363,58.515258894438695,65.3069854370234
S0258,14.224566136824487,0.47734627565889926,1.3562616376967205,91,0.08533228245052082,0.39336489846631495,2.8127760063652367,0.04047250638296587,53.434931654212036,74.15994809580812,60.03209682389389,10.229592958551622,52.190221332713406,0.9054680165563659,259.31643426113556,3.1582310755145864,23.24723499961682,62.76948852821979,68.6599357838422,471.6543647804647,K2CO3,1.7399521209309543,64.36423511321622,67.26640371172108
S0259,11.831162231697935,0.5691927219299903,0.4391935532714572,412,0.040985888552842256,0.9075064885654411,3.825801644083832,0.008764983619465328,58.72646444603522,67.35153994552313,62.07990917776655,12.912902550010706,85.83932901474682,0.22629894739742595,122.11083489607208,4.7068991097627375,26.07615955706926,61.752326031137294,69.9088704479449,151.17735862308854,K2CO3,2.1127916170822747,83.23908015662137,76.83380953798286
S0260,2.8463533816446023,0.07505155303406884,1.321182085762988,168,0.008683849828412646,0.025901246331196087,4.702096036503734,0.006581176069057649,16.781157312285462,89.81312652134005,79.0696342578799,-3.1222213986004155,129.77230461476918,0.1030108244860462,97.46183775615489,4.068019570116651,37.758047914316705,59.675522624118216,75.02894753834613,260.6979182395861,K2CO3,2.3263591495167777,110.61508073382178,93.30093846625137
S0261,12.685137307284226,0.7777723405280604,0.7937901672517754,197,0.054710902484692896,0.7843495504603337,0.07911585998410409,0.08913182063602987,62.88096258508232,67.91569812314236,54.73015678385562,16.628651656948648,51.09901777656154,1.0942556794890905,463.58746389595063,9.014323271050985,30.929216353162502,53.95640724060741,67.42210962575294,162.73106292375113,H2O,2.6971572893409212,65.8524531604024,65.38640231781554
S0262,19.811023151981,0.45875594640054734,1.3059536243125693,69,0.08631250699691125,0.13313900292891107,2.613800707809349,0.046381424972767996,64.60349877835529,67.54471038265511,50.41625394470252,9.810504817541897,73.97778836896299,0.7537434374036758,558.677024239048,6.27280694785636,45.75654776888174,51.31286591550639,80.13093771317095,86.04147239611044,KOH,1.1281781981665517,73.23526501990777,78.97699557676438
S0263,3.6615962894939567,0.5291463666343043,0.22212013031290154,412,0.05943826875236281,0.7995718869318275,2.354336781115884,0.032002731656239194,49.432926256999295,74.52510991879032,70.61998238377697,9.213562177908258,99.96186735809847,1.9945505989008954,291.2214333401757,5.829540307252513,29.251967291039115,51.41814506109134,72.32539596135436,231.45373757636946,K2CO3,2.8592840332725213,74.00821941574759,79.748239143189
S0264,10.848263394910997,0.4463551194688459,1.3191121561600416,314,0.02340163171320895,0.619752796519954,3.28027510987852,0.04764612712393995,47.55267681849945,76.97698982440582,65.2603123725474,7.020486445267727,82.55445969176333,1.56758089929184,405.8840254679138,6.146379334707559,34.32297102137759,53.54716933158444,72.30166803479574,218.33633627969147,KHCO3,1.9481114493569538,76.286885392421,82.62858938976835
S0265,17.670088366631152,0.40675543026657274,1.9988333142836265,328,0.039039722393600755,0.8448453100270383,2.79789427232671,0.03183040946923473,55.071442913767896,66.74243010958973,56.07489989468278,13.833631974187982,79.73529465414127,1.5464233670657836,551.2408610021365,9.803471854916346,36.026073375259536,46.07405077521881,70.93924442973095,171.69535399198458,KOH,2.3843354598269486,69.45209919530242,68.59993210967131
S0266,15.074603737329884,0.5640439279951357,0.10594195733250648,375,0.04556221275701129,0.10653918238448848,3.435195752912403,0.048903577530762,58.08494729470845,62.97293188805656,52.78234597547326,12.744511033354703,67.12626507187608,1.9149612597459529,81.36477077246238,8.95187176035147,9.354984441032608,53.18652928152451,54.5198382311982,183.6477010127374,KHCO3,2.129330226096171,64.75395900850496,70.04903583134913
S0267,14.243299078910091,0.1636878434714054,1.9545766266004214,220,0.058347369028232156,0.5633908277587764,3.2904129237459516,0.08595563969179369,49.44031914310347,74.58725772809724,61.085491104925275,10.827954783066906,96.26402261074026,1.7866763559973096,469.174428277847,7.944581402952153,42.05871821377925,48.716275828354604,73.72276490786855,212.18531285807515,KOH,0.6961580035103792,83.5130879560027,80.30160002799666
S0268,14.347197595755077,0.19010884919031842,0.8197468418385125,415,0.0761757515495087,0.5060770014595751,0.585058624289731,0.05923013710620957,68.67607907093904,64.15467373762107,58.50986899985996,16.386706359810976,101.16845073006934,0.7045562109671385,381.58562409407784,5.033352714562782,42.053034643774005,57.406361770244,78.99220268764985,494.9769347510421,H2O,0.3071713107256021,47.83366202004312,59.49645864131268
S0269,7.830331873175348,0.8631677648033821,1.7427993661711456,161,0.010788488146422904,0.7091312511337251,3.998589568093598,0.06946537728101754,32.83697764907271,83.52716225611327,71.06779655338309,5.106516855653249,104.92764031717714,0.4153757210473651,371.223191933021,4.1562109966291345,47.64661540885861,57.557725969265604,77.35593085049713,402.33099468527604,KOH,2.2062307456525487,86.8638571239563,83.88030107342969
S0270,6.578245041025374,0.9466543075122964,1.5669471132759643,118,0.08907555126873908,0.538947646374739,0.6161628785816242,0.03646706762343366,49.21263016225711,75.2375401895208,70.40992464647033,13.325233461398827,29.14785402778381,1.5171953036244163,196.74804423449478,9.450035403171174,6.72491369402257,51.581270491353976,54.75439604182617,82.13054048910813,KHCO3,1.5820527366042718,82.07001918512621,71.54402012652213
S0271,16.37786195409176,0.37957622311695544,1.1383623593634689,85,0.0022186605985914836,0.5453272214617731,3.4926531260456857,0.07385058785105188,56.03761527977015,75.07234436498243,57.966533196651966,3.1383491868010283,102.03444284256635,0.8187203979974587,419.8192122232758,5.9615286595753805,39.266652295667825,52.817376183863985,77.78737135436252,442.5859294190158,KOH,2.1364187683841416,73.79307030327946,71.4024443335964
S0272,16.392154498904432,0.27803722641211825,1.4795139264101398,39,0.03763518113275127,0.435299984140304,2.0807268382030335,0.06666170848793723,52.36960709988207,73.85643696880646,57.67554180899757,6.972284355544177,143.92083324156027,0.9990280380988172,483.03472024784264,4.951290596280404,56.52218022427231,52.18644571030526,83.62210878008685,334.9864968794021,H2O,1.4828441313548333,63.89080940633084,70.24006772884788
S0273,17.47437405302197,0.6475595478066256,1.7582459669896824,323,0.003714610687293108,0.31574607976726743,2.5692536728829896,0.011956199775205645,65.53807008667852,66.29832238612917,55.282883779274506,14.863699377356857,90.32821061865087,1.2977556894221711,94.32915401790738,6.296445784923448,19.857078602958683,58.640653942056744,64.77605503027601,450.7671920548591,KHCO3,1.0054801092078616,50.983434885085714,59.630321506230366
S0274,18.351570498572954,0.41464682938711545,0.8142392400855556,495,0.03990444830918383,0.48744171763967026,4.516490071878553,0.057264285311558465,72.45147821476806,65.28469945165511,54.64402985967315,14.797281168630551,112.98472072620176,1.8249580861769572,334.1072156591608,9.424931959742466,33.723334383500045,48.90269195450057,68.14363446700315,203.76935920860268,K2CO3,0.926551936852748,59.48950089586088,63.426372179530254
S0275,10.715505578357819,0.03513249210374141,0.660795991510845,126,0.053055447288459054,0.12730743518071658,4.449418632367433,0.025674349630975802,45.5053388340197,81.64709027494635,64.36846084289766,4.363043218057621,92.37520000869831,0.8962667319748353,87.72115316282351,5.709471193739052,21.876902752125922,61.0204581195635,64.46157284208078,259.0334891652734,KOH,2.2185431795229835,86.6333298943164,83.94826321386206
S0276,10.528809599056792,0.16459107139252846,1.3385108372715335,424,0.051656457271569665,0.9618982055932539,4.089281528275148,0.08040956696335928,48.06354092375537,73.35310805715574,65.25406105107423,14.247841187707408,131.11628041695724,1.5883020914167867,527.3671909996574,6.9384869807366965,49.31789254187995,47.739540329497416,78.9098938757968,453.30217578864875,KHCO3,0.9026622362507466,69.88169763786227,71.36016887311567
S0277,16.167608400368728,0.7188125065589236,1.6176134244631046,365,0.01739720635579827,0.7172666559903323,2.5507419022816165,0.04259377084669395,63.82484772957607,67.87293136780981,57.63113935862506,16.76774016057086,140.84580229768397,0.6098456034218491,319.35293191411796,8.620764107759967,42.94728769595982,50.10328126928941,76.1705245808586,172.65791116115668,KOH,2.1725629256837204,63.15642969674818,77.7811288220033
S0278,13.349314684777537,0.6623347024910499,1.5269474182054654,201,0.06492831049946562,0.9529424455209683,3.6811990506691656,0.09946841651964872,52.412455285626116,72.69090058868854,60.198373485972624,12.519998943901761,43.94858690852671,1.4261464027548658,490.5404428786317,5.989927717338738,33.9863946689019,53.65702446991287,69.8869313223107,461.9753943104369,H2O,1.2134843663203978,64.09545789508002,63.72820624411171
S0279,14.337370667896364,0.03682503257844866,1.5976491612286827,28,0.005433066599962154,0.23446010850666363,2.5644852775940468,0.009250043793896379,44.76602543128223,78.41356353435266,62.45042110091319,7.934180629730112,76.79180475242646,0.10300090004803256,239.80881346974215,4.634792613484578,32.92533051510797,57.114984632474126,71.97511714921605,422.82487046492116,KHCO3,2.3356053725245274,82.88736100315008,76.44025930929095
S0280,16.12006071928592,0.22975244031361997,0.8768107964777366,441,0.07642877519310913,0.8805476099747628,4.3480304123738875,0.07803478627401586,65.30186947766074,68.5615829311244,54.810190384370614,10.328942210736763,71.00967312125377,1.755863705632206,101.29458928530548,9.961680238681234,8.850514061491982,49.63877906856665,55.95816445950428,491.251073409182,K2CO3,0.5141487847697418,40.189197971335275,59.886436602499
S0281,17.91010149453376,0.2387640486221907,1.637490090188293,182,0.09471779896536109,0.8107020847179031,2.0138791661644992,0.06737017335421565,56.49514375552533,67.49493676930177,54.731516354317534,12.178487779571496,72.67796602890623,0.15772120191347874,53.65460349985554,9.695996002165117,13.52595854630351,55.865914224999074,60.57200697926137,195.9159141573634,K2CO3,0.6944418352926021,64.51066552975345,67.63126792977754
S0282,7.4219079801791805,0.6751738161627411,0.2492160201875108,237,0.034637113887960674,0.680380888333097,4.851176722074384,0.07674988305907054,41.11545391771668,82.4336679471514,70.76128057527686,5.102786719012945,36.31814355962386,1.45423213404891,190.46048384025403,8.9043541838786,14.030011865372574,53.241554267917216,59.15813098201712,156.08893100215255,KOH,2.0891436565884742,82.9685804690586,83.2460931188924
S0283,8.136076100158936,0.02951343237682051,1.0935333049420906,359,0.05220669878971886,0.6287788942243537,4.661613791144388,0.030752979549045635,39.94535635747909,77.58690543044634,68.36531310259676,6.6912933690395695,125.7700443774935,0.1878905595964394,169.21320920752476,7.818617155701458,31.44589158414222,53.94575580156189,71.36099972611366,198.89010367057767,H2O,1.7246702485749617,84.28794391172266,77.51022523060405
S0284,2.785656856976511,0.1130674961647281,0.021459734391261927,192,0.038512117527822624,0.3233841686151913,3.7080130972589274,0.04920544893824006,26.70872328803691,83.54034685938525,70.37309888376716,1.7282684647319402,24.649611591941582,0.6058668288486065,349.40062519137825,5.064059396487879,20.42471728054253,61.05959887742928,68.69118318730399,479.59240819493084,H2O,0.6912471936026376,77.08003898230265,78.4826316528841
S0285,11.987322678927306,0.8019169245194575,0.6559258015015379,122,0.0016643286401019355,0.8182466771153805,1.39707942088036,0.07965085197237085,53.745771140765115,70.05693806883063,60.71393207657645,9.159136316721366,88.6694590045304,1.044684566757451,42.391137696313194,9.393890567148224,15.963606035416612,56.3363290909449,58.47473347979048,199.88298322382371,KOH,2.718198334007783,76.95834300880206,75.75832671613423
S0286,1.6829032021380996,0.1867592154337903,0.7392584543940818,192,0.03920157578661648,0.5065003068649364,0.658267943966292,0.0232541331620855,34.115814630158816,80.49334890098507,72.54094211497312,5.87421047608845,106.04419044580986,0.8978835021616525,326.72521025052885,4.928896690848601,40.22062591681261,54.06565671670392,76.03744947700355,304.34531898075716,KHCO3,0.9002380274966741,95.93008358082244,85.90803355647022
S0287,9.846362344516743,0.656218646773356,0.7983836563024183,490,0.0793803056668733,0.0801826601323725,4.2735172504659875,0.02260331967886521,55.78841769365125,75.66050866226962,66.80622797293479,16.079533016171684,46.97102694765404,0.4644886177419201,253.30989294684179,8.605666462737828,15.987940556674868,57.60488528675605,63.65170781833329,231.6556771639314,KHCO3,1.3211070547615382,68.09568308865164,67.00258165774316
S0288,11.310248059443955,0.24580095323625925,1.3939797413128256,155,0.060002895376164704,0.3197345292465787,0.8265114306898064,0.05510509532949324,49.20980572616761,70.79272644490541,60.144710640951104,7.057564768126835,137.76052497284343,0.7342483322475509,358.95969385123203,9.427807175589145,38.42523364152959,47.117941379967725,73.33325219572686,228.2990650168014,KOH,0.6866350314303601,71.12062056905678,78.6967293569222
S0289,6.444283790437404,0.10844697883175171,0.7832306215279881,328,0.011024731546900736,0.9359441275598743,4.271303944986679,0.05235635795298558,38.82260419254436,78.58244649851636,73.36884722153081,2.1818403594586657,129.0113969132231,1.4826421031158374,430.37799104570786,7.2210268830093804,45.593437675277386,46.697568985170356,72.95395404955099,137.02037444557484,KHCO3,1.2252800931903913,89.61873664051751,81.42771236265668
S0290,12.225831950811205,0.2507404690894595,0.902900309018836,125,0.08486680947968472,0.8521734579987977,2.4538250335618024,0.028226247041293284,49.695635180563364,71.2660298013784,55.67107991546911,5.77676538999618,81.2408848329103,1.3715884759013317,391.43240869550823,8.621393525238252,29.822005237612633,49.52374347685093,65.79142001090771,291.6857933589155,KHCO3,1.5257755753232751,73.50739112714253,70.74237084048178
S0291,1.5795047488419391,0.7250442625371025,0.48271282043991165,122,0.053577449143639044,0.9820866410957738,2.0327839190405212,0.029807565052482277,27.228803427213073,80.13362049285155,74.09062864404918,7.143742647444147,73.44936120421804,0.2364477091514398,591.2472905428187,8.541865694412227,38.56712583142028,47.965513143415926,72.3617195593011,432.2319147352431,KHCO3,0.9562164580874654,79.62677426744153,78.07269622793751
S0292,1.709615586235074,0.8571395034252229,0.7527710653423868,260,0.08433061281272294,0.6317134487780571,4.515953894172146,0.027784516320656552,33.25417132410816,83.13701837081979,79.44055527006816,9.783520009573088,50.753830277443,1.519900068588484,108.8112460098165,4.352104257846859,11.045818744352673,63.18070487557633,62.15562286406735,72.26825609924187,KOH,2.3303716522698017,97.10892962637324,93.60552958214348
S0293,16.629410652533508,0.8319176659213217,0.46226655825367147,485,0.05844193035971791,0.25503497240900785,3.0192549127013897,0.07715120619984878,67.09728671903862,62.17236623247586,53.61582215533699,15.146326812151214,114.89911920384527,0.20078717427435389,274.95009508997373,7.675471315172593,38.2026683652402,56.98210237673693,72.14074354048981,450.1519671485397,K2CO3,1.2424056380741166,51.98297430864578,60.877956776670075
S0294,7.843622186813995,0.4032116943222703,0.15565988829920285,260,0.056409156038956056,0.17118689918009514,2.883070035648589,0.06519008655624607,37.670629405167176,78.11190446120285,65.4413481103607,8.490760865478633,37.126693952155335,1.1315601392895904,272.1535198866874,3.654275558331105,20.494012626333927,62.02089837657223,66.39241475859951,349.4628343117848,H2O,2.2155789998804245,78.01588925769167,74.118704952899
S0295,3.414149740385811,0.6714042852049397,1.210862700828942,312,0.011420659334504226,0.195045296202377,2.793829723121988,0.08324171834102528,32.8147615176723,83.88079142773005,72.4897466179788,6.563241016052659,108.4309079996918,0.5941192212801623,267.72032611066476,6.554951001962369,39.40374990933168,55.24858234573074,71.7956051297113,327.5321362587063,K2CO3,0.7005093086317057,91.27952328283068,84.66868832128637
S0296,10.922621941041283,0.21293445246166276,1.3397434691244823,468,0.01756861358072417,0.02959770176378184,1.855847580097657,0.09754730283140219,43.69593490697814,73.44319766468152,62.05813337337893,14.903408076260463,129.51940819539377,1.216611242363656,408.36508346432095,4.135648836984043,41.73691196296738,53.023673149950476,80.9708951052528,331.6551048157965,KHCO3,1.1934029407002182,76.01750209679271,66.47223697883891
S0297,15.629877508873605,0.30021625295840315,1.242785788559133,322,0.09723050039316253,0.3967752898760798,3.9282155176456364,0.04741642962719864,55.513192010764016,75.11082081563643,54.34672419616512,10.955197956869528,49.70130486921308,0.5965239522877135,309.2019945116318,5.914446491575022,28.778215676689953,57.99021184218856,68.79788138047878,183.32142617951123,KOH,0.123369037797052,65.78045718737788,74.4079307098971
S0298,5.10059952244002,0.8973724603359086,0.932353147163139,127,0.023620187928722308,0.1995134036945471,1.263992220078865,0.006669388140544886,37.36901052258863,77.98885281018248,67.08350090591445,9.841331465510645,132.63556237683832,1.971420142289079,324.93655909338895,8.830874522889063,35.785685960154865,47.817390409443924,71.4529534800293,236.81502674072948,H2O,2.300048993349764,84.54939277338835,73.77346803750342
S0299,12.834919040561005,0.022871904275628675,0.7657737025566673,310,0.09776775968104642,0.41753890585213543,4.694474800206375,0.004809231041203544,49.62808084155216,76.23377749237478,59.85225236513813,6.991646507147327,24.332015927136098,0.6884835490823105,276.44291552365587,9.91017487741143,11.263193547318828,57.013144335779195,59.82065978039849,409.6805026568966,KHCO3,1.915071268558404,87.82859373350671,68.22865136583572
S0300,2.621601834881592,0.09465344554592339,1.7280339626479322,170,0.05365935794590208,0.9356444875203778,4.469926025234804,0.029566503927161914,18.255651532871788,90.63725269497571,79.00639475759637,2.049906727895039,138.6623601002483,0.5597252077815423,595.2686927805806,5.225718821617324,56.27639452947442,45.13339423330104,86.99650801324285,187.8714666213303,H2O,2.471687642269323,114.28062715025062,83.40068988978851
S0301,1.9819527022035461,0.21580739259456705,1.042972752421074,410,0.014443115659329778,0.43623480741211806,1.6874016283744908,0.09325445893524509,33.24873296125508,80.86282677871874,72.50624598295742,12.445114455219791,35.387089620668746,0.6290840527391574,558.709968826854,6.723689891482236,35.75195932115226,54.4356556150379,75.39267842451247,261.50909430771355,H2O,1.4212712854978686,82.08219279550615,81.98756178174348
S0302,11.095737999794812,0.03626688183508152,0.9635719364831646,207,0.010830918072615603,0.8792046520149864,3.6473188491583186,0.052321305497087495,41.53193877155847,78.38830242034227,61.97401377330888,1.3734583091511419,103.94869313194424,1.8032984287926612,205.40278793769144,6.57908617059342,21.399349455347824,49.091577432630444,63.22122991393171,58.834522124444,K2CO3,2.4192478667672335,90.82867511355646,83.47468469994428
S0303,11.272067310592023,0.18962108073889936,0.06102771095480702,269,0.02167754299986826,0.6094497189497178,2.8661159722479574,0.027178651608012916,48.07728688660156,70.9475794777406,59.042961946494486,5.57550441304444,52.510720958812435,1.308815774471755,93.6085371170003,9.680810568817462,9.840963291947382,58.454682602614206,54.81406993387413,380.101258820978,KHCO3,1.9779893783858373,70.84300084890491,69.1536515435285
S0304,13.111168128465925,0.5872111453599953,0.6890831769760511,157,0.09263809567250825,0.254660239114778,1.688246509996173,0.03991667945110196,61.58953111515242,65.73608504303449,55.757862334157394,13.014161796506707,128.7518108520498,1.4882997850994752,508.66589270200365,6.350086127029415,45.60959615292499,48.56386355515407,81.67768288609417,237.96597950537253,H2O,0.11047750434929214,63.64138972475384,63.871476404747476
S0305,14.79573534073057,0.427210305086573,0.7665892813838555,249,0.04200087220849445,0.3622962116666193,4.9426082399772335,0.05985951074046708,49.489011843203016,73.23727072312714,59.51830029665615,5.934071892749406,86.59904691901065,1.8442199691792658,598.387043312663,7.893743437797885,39.049026128388455,48.366408927224434,77.92670608394691,286.41144581312165,K2CO3,0.8357134557566845,72.8501758890392,69.29891664167474
S0306,19.541189509788158,0.8937449939662051,0.803657333984832,56,0.040147992531298526,0.09308034046321512,0.12618672924132102,0.06529496581378423,72.06661141451504,61.68346306506588,47.3974335684171,17.91442601443103,37.581354862045174,1.8325577212055142,196.78706960259794,9.452524631759683,4.9886043334336865,53.431593729963836,57.59106544364824,101.61019301484139,KOH,1.5322849213981193,55.38346119898332,63.48252092292161
S0307,10.80970661772271,0.8192691261210565,1.1645430147623912,484,0.03200741984594723,0.3401279676600504,1.2632301531064334,0.015391950978290504,56.259038214785846,66.1921951365197,62.71077301231294,20.864349134440133,94.22890427237719,1.5039971084995822,233.93740772980675,5.613649916757881,26.062859650649365,57.74438359772189,68.24300384023961,496.27140295434657,H2O,1.8941933141647167,53.619351202297324,63.049222233115
S0308,7.1361729858836735,0.3483991781808972,1.0718690679864882,408,0.015559123206092252,0.6807655360484988,2.600370305555752,0.0977031676545176,41.83518271931705,73.77573290684886,68.90060120737456,8.864092562151605,73.02473932560781,0.47586641479851344,566.7309134465656,9.314855667717714,43.48310351856801,52.509929226008204,78.44359300576485,186.1105221431807,KHCO3,0.29021350752744773,87.12241297600296,77.8931031385126
S0309,16.108537700605368,0.26682919909697955,1.2197311346589548,207,0.04929726852204824,0.08138998200014083,2.6097650173928195,0.054477222698278885,55.98516223767967,69.33811882221084,56.49066233970886,8.291226396122077,105.98821615970314,1.7024093092825103,435.34382526176125,9.422193553237094,41.642028570844694,46.42086570722412,72.07738893253737,335.7453477184026,KOH,2.144731791732996,72.1931026806782,73.98893958657746
S0310,6.14581277397941,0.38589548408559426,1.5321176904688352,56,0.013874730468602731,0.21334739439324907,2.944665374727821,0.01356883177922793,31.391416111723096,82.80597789598143,69.79539458618565,1.6737803849774262,134.64742701924973,0.4871744649630211,198.51384911439263,9.514637527769914,31.87272521626309,54.04153508212182,70.29050052170959,311.5563551845094,H2O,1.6762546831770535,90.89254233104629,73.11369750974045
S0311,9.340456993407086,0.5943919930896596,1.627841620045026,87,0.08371254340185044,0.3876266309991784,3.7583808601145963,0.08936352533461338,39.86117172755748,79.9439099386269,66.3912454667954,6.383918015192706,73.2205870538444,1.5115077467870208,361.1965000318316,4.893123298299985,31.219990030544672,56.77100753555712,73.48644063641102,403.29149176624566,H2O,1.6247599897730285,85.8866772901968,77.05033722043555
S0312,2.4906712455030533,0.2753830044146475,1.4390649216907239,133,0.03766930164125534,0.9822290416458029,3.117389152596482,0.007463843107942881,20.576535243135222,86.7464228616397,73.82135455460326,2.5169420226720542,57.68448833940175,1.4026458264352613,568.210860237626,5.80248915988971,40.10179028505793,51.17345486916795,75.59467639850656,182.22663002988224,KHCO3,0.9469321184839538,106.12038774714942,80.38464576860135
S0313,1.4816641248936926,0.6279074187706427,1.91149215495032,84,0.03810555321039784,0.7870132047292914,3.001407302640185,0.09077354331775128,15.63908488071306,89.29500936464068,76.1453035669146,-1.3489831072362968,21.886962288589142,1.5418888152668486,492.7334709590938,9.092771357579913,21.608198338952977,53.07982366029574,66.73849255525572,390.16730524875675,H2O,1.824986988522673,102.74634428604186,85.8702927639103
S0314,19.290319878880577,0.41531753566932805,0.04628283952595964,368,0.047926636419832434,0.7361518790271828,0.26757231456521646,0.09965656562889824,77.19882631720172,55.32139064174719,45.80961229731368,16.89317373860511,94.72907492178373,1.11210279335625,452.844646825336,5.514132769962931,42.919691071708165,55.02108072468124,78.26993367694439,222.12577880858046,KHCO3,0.1797293799321465,55.09149855267752,59.34897926973107
S0315,16.88362228973191,0.5565267090434605,0.3995981915102567,146,0.044968643603409415,0.12502904696019151,1.8826514389464917,0.07004317991565039,69.133130135995,67.45598481577348,50.10235428002454,11.106144756724728,72.29571976608636,1.3135797462735173,450.0878976844028,7.201771230534535,34.04768266351522,52.625543373685886,70.74993416231247,235.02243463085708,KHCO3,0.2876309584615666,68.26534179927019,69.9957500653417
S0316,14.223509915780262,0.44176526384396353,0.02505012120650282,99,0.09949093933287284,0.7831859346788416,1.16027869850578,0.07704472210739899,64.8794376993724,68.2172914689978,56.47368410160144,10.014128524622102,68.70439847192773,1.911308152825085,131.47158484659408,3.8263815508203636,17.024842660304547,59.03750060019082,67.1969663302847,352.72063691904657,KHCO3,2.2282232529172403,59.25895889758334,66.17515800103769
S0317,8.770105943871128,0.3015211019464985,1.29847468116766,409,0.05499273100061195,0.787416123400855,1.3268505580098773,0.03373028364674864,46.29931510708653,71.8600349955151,64.2255624687289,7.508805475469129,43.78159176694763,0.2920683289310083,500.0683063599238,3.393924916778685,33.32515122435461,65.32091831831471,70.88651565577602,402.92859728321093,KHCO3,1.0334848933484952,73.17586063073503,78.1761256690962
S0318,4.29259208134607,0.9489687738925351,1.797080792410474,334,0.009731968675197197,0.605091668668085,2.7716873717017245,0.09415768527339338,36.74099278597686,81.31968052439942,76.45246196902075,7.358573447079326,75.90719487486567,0.6868098220850779,187.38762049277113,5.883957926445208,24.057610372418917,56.69995013582403,62.68584768257997,350.0899862542516,H2O,1.106204519311003,87.73664439904736,73.18627920372194
S0319,3.9723038107506348,0.7659697362181632,0.4945297701868356,70,0.06108085681611607,0.9904581641783882,0.9975265746480422,0.05297139661083677,30.586418830338634,78.82095832236948,69.91675913509881,5.831805041905618,147.97745396583787,1.2615783248869266,560.3089950038718,7.052415728149022,59.957085100994135,41.06835637331394,82.02463033140214,454.94578425701843,KOH,0.7043170894437103,79.64767851112624,78.7480610384004
S0320,5.754615065127311,0.14871204400878804,1.8547987441446503,147,0.016006844994118117,0.33200136686530646,1.4697455050844876,0.07323884465975548,26.46659568521056,79.1988788995975,68.41879775751242,4.263821644626343,58.70803997739176,1.9317028472498297,237.8447948778563,5.74889379351259,16.929847824924064,59.97158867521705,62.941037358562035,178.3215632795303,KOH,1.3923000070898033,91.02492799688079,77.5222370313661
S0321,11.435306629416289,0.8697832961389337,0.1299321066762261,59,0.004062826828402855,0.9418597237594332,1.1854235425867006,0.09241077159112795,48.33562896845947,72.10674714574276,57.587830438112924,9.297699521434854,97.96157374305302,0.2815914505589422,518.8664263140862,7.044150391125894,40.647366276374896,50.60282379517693,79.4315228467297,455.27752944587724,K2CO3,0.2507809510927709,68.25842391718535,72.69118729738108
S0322,14.577322531301185,0.4925568862670185,1.8695276933429734,268,0.09710347321404757,0.9155838038069386,4.742514716090974,0.09751799759755084,55.12576126347094,73.28973675003529,58.23577512794092,8.78660728076123,120.94329457103669,0.1428435209071642,181.75309187514682,6.605590633202495,32.97918137681243,55.835319575098076,70.47190405694222,108.88858667452041,KHCO3,0.9710533483562296,75.53388729252632,82.47154561780721
S0323,13.543750157636895,0.8956067046251505,0.7097291476068724,470,0.07758035026192182,0.021365853151884065,4.723328660855476,0.08332043565966744,59.50612983515342,67.3773204742092,60.719971921961296,17.61187303254325,117.39051701294912,0.20592423709362323,323.28035385187707,7.799950605002531,43.97911160975967,52.49368887350919,74.35513920413591,346.7886435634913,H2O,1.6286593731553227,63.0254132040347,63.80786714187983
S0324,6.318744041972914,0.8018567033878421,0.21182744861394087,116,0.09803079024896293,0.4556153612100629,3.0497077929802585,0.030301750698203,43.834930305223715,76.63417982039883,65.92907400893566,10.027000727354233,62.7406573740368,0.19957080427627774,90.92461842876452,7.546727017457728,18.579450471156317,62.670883410683565,61.25309981243348,296.4337931210799,H2O,1.4503325725214975,71.55683087576051,75.52073525137952
S0325,19.14244033260069,0.4309613694245411,0.976884800780788,122,0.048309966354202004,0.9773331907210576,4.622612343659499,0.09665475165520825,59.09773372734898,66.82220993120109,50.76763737211573,7.735683635695814,99.41181085719055,1.8248501297770683,406.2677747078192,5.96971992244606,35.79766710209777,54.71291147913403,77.33035736842712,272.5861731870152,K2CO3,2.9990419650567977,69.71359873062264,74.61497607583846
S0326,15.020041417219602,0.03224461523691623,0.5209853697638108,359,0.05369349558374864,0.11209014878399502,3.9290632273418655,0.06281195312435718,56.769603492437945,70.52994562948336,59.929377756255654,9.156405483148239,133.26440908512043,1.470390025074267,506.56518684509786,5.974966682939042,52.85624486873555,46.56452646318359,79.18330355062096,189.91041298798024,KOH,1.2274174911390392,76.36222526451836,69.34368841331504
S0327,11.532726997716614,0.27599058579109664,0.5768970749042265,263,0.017665358635993895,0.5523068474394862,2.949739414009044,0.093064247635196,52.76515192200792,75.28812688683848,62.781908254255896,6.126394001279774,22.00816560530013,1.3865020957729288,439.5149503423772,3.985448380085624,27.589557355190085,63.251730126347624,65.34315483252226,276.67973538870535,H2O,1.2222972718374958,84.10020047957524,71.43131708853988
S0328,12.622694178452692,0.5462178725142582,0.6215070302033103,127,0.025443835240090976,0.9791679319706931,0.03217605748397856,0.06761050258143518,59.94801403705627,63.96971025166144,57.802383546139545,10.551893747684229,76.64546638963,1.092888358497438,328.25735237503466,6.592670004675214,34.07514694187894,58.06985785433648,71.62898678167072,122.79801037311645,K2CO3,1.560387154501935,69.94917619277875,70.79404312122114
S0329,8.972401186128009,0.6371434376278858,1.6080215366870003,207,0.08401637227537999,0.5599404698648016,3.8625814303970203,0.03072389618477205,41.77554183769664,80.34932860230018,69.3364081435792,5.164219305160319,49.15554437144769,1.5857099722470887,55.71605080283191,7.110253896949877,1.9655884583360184,58.72162416956205,55.210433433052465,216.19442489525403,KOH,0.6518790197865664,81.43820562993328,90.08705489921948
S0330,5.706888800521992,0.2653088085788703,1.0829309405837564,346,0.036262379064641824,0.19791714994243442,3.5124417079423442,0.03700245241428159,34.90850152753104,78.15246269589181,68.24624880389109,6.232573610471398,70.52219775184906,0.3957311862470225,562.0613740873893,6.335425781476784,40.14475870720815,56.95841329742423,77.26949512102907,94.40641286774485,H2O,2.6412828265815578,96.06153827489011,88.18007435039985
S0331,7.76348089437397,0.1479625133320959,0.6295023213204473,374,0.08285468240584548,0.5863613977916639,3.07626826641207,0.05504717771029405,40.18403782132165,75.19765934445168,65.46954502099427,10.732431873430532,74.07864903678141,0.844688260598031,432.12904268982174,5.279951345608993,30.862060442477762,58.71894856225018,72.766375081623,307.3309699038438,KHCO3,1.7595765877069007,63.82801246798242,76.67455509667292
S0332,15.399076098823013,0.8365809344313061,1.2245642287887275,60,0.07119235870441615,0.2123961682100514,3.8021215584123587,0.0790014841559882,54.220869792958915,71.68194472202143,57.14132977501692,12.07217576279375,117.06722542226281,1.0310080764522527,455.14261586823983,8.05153980976215,42.00888946581172,48.79420518374949,77.78936869828662,93.09554878983212,K2CO3,0.657112153678325,73.12362028533693,77.48783966799661
S0333,1.2734762839653615,0.9845581588965167,1.4351398417041552,254,0.018539921601914686,0.5245072202655394,2.5646108238738288,0.0317982551340335,34.952409894372764,83.25414583240077,73.17601367881879,8.626859635889872,32.19684341140761,0.30977804558577987,482.96792804116006,3.5226315125165684,37.10318510377157,62.28160662937092,71.10897609713348,122.15508975732455,H2O,2.4009806149791837,92.75355007976621,87.11580707473045
S0334,3.2053801696314084,0.530433280479659,0.5525217614597322,412,0.05123719024585448,0.0833017957332245,3.5204163566066953,0.05797311661341921,36.42957705388239,80.77165108636201,71.89376525211347,10.270065106711732,86.63590740722636,0.8970760477412821,456.21375277873807,9.401082588278332,34.619494771771585,51.1754800581831,66.33303641583008,88.46006066936658,K2CO3,0.19956329631427444,90.81828136437396,84.87105256405287
S0335,1.8740501984133022,0.17996249298982048,0.8329627120354495,435,0.06806134483035298,0.6094278425222606,4.675860433632467,0.03456249935764016,31.61655414743495,84.75062524015563,75.81098052902777,-0.24681664028785022,93.3453229338369,0.7013533805989787,281.4362135360502,3.144504076820553,31.66765205028622,56.99030414756303,76.68515832967174,221.58978797843506,K2CO3,2.949436181697739,107.29909472205166,85.97589215973584
S0336,1.7738472440604327,0.2795842532541753,0.25255332574052564,44,0.02426868426557869,0.5216220397368766,1.8790250792304315,0.08157694046351072,18.383823803655172,83.1848582503024,72.60431449758505,0.4932202016659505,84.24048846173457,0.167606077007579,448.1644426941297,9.736450934067946,37.68246801910907,50.94117775551257,73.11790493747715,428.88130448825683,K2CO3,2.608933070836977,103.42887951067543,91.06037376774152
S0337,17.253751096209136,0.028206769781992068,0.3704872055740138,311,0.08323816254148761,0.7427597550738485,3.540609174503127,0.04667280937679505,62.68701540366352,65.91334644857592,58.01037524800789,9.259501531015058,115.14352289815362,0.3597972651855469,386.2652690518875,6.236489206542637,44.46570087609325,51.897123544430606,79.40697096123573,458.10337623522247,KHCO3,1.7809544210486576,63.802760079228726,64.09503605018796
S0338,14.36949932822045,0.915155818494894,1.3654245293903158,419,0.0549379380969735,0.6343934664471972,2.3784390900547936,0.007672282685288523,67.78115840634072,65.24678612762733,57.835511712945376,21.376954844642327,69.89286326789016,1.5516699640181963,516.7893101912083,5.888689608024788,34.926459152520074,56.218712854473516,76.56912167852697,82.35025457000603,KOH,0.4227574219954928,56.862088522380425,68.08191112717986
S0339,10.00930275265918,0.12657357206123973,0.3710623119142976,78,0.017358962993817718,0.5541102058454491,3.371998259069908,0.01660525214815364,39.630321590846364,79.18166565626781,63.13984628370326,2.628938676569586,142.8457182732099,0.13427202805882446,487.40209474230113,4.795108122242317,56.0644548963471,52.85148870590096,83.42508004357163,335.5475633877321,KOH,0.7242910425400471,83.27281148498358,83.33388050129082
S0340,2.858849052369028,0.580751310759111,1.0550751334974497,358,0.058715458190295645,0.6928810607556399,3.8144666777718204,0.00611046676196323,36.4192100160476,82.37768083427758,74.50122360152538,9.162211538312556,82.63444753006237,1.8750812682830862,53.583398006338136,3.0704979438259823,17.950619619497978,61.44598484532478,63.81045255707,357.97344106643305,H2O,0.910361993909333,80.89477496361485,78.96509791998452
S0341,10.340701627219815,0.28131466848033393,1.421002060827641,329,0.0999716666114355,0.15250249443650854,0.2272625021789798,0.04993029460143253,51.53481699049864,69.44833271168395,62.5394632245181,15.828509530877103,94.25780824992368,0.2642068016497511,245.965641489585,4.923531850952598,35.34712350631859,58.952433442322544,73.2797389759532,290.19647409441086,KHCO3,0.7989920399204719,71.20967144037351,71.98500905024373
S0342,9.995963644830749,0.5586362224906355,0.22268507695854023,430,0.015901627674677943,0.599406064646018,3.2330022197433097,0.010633729734822718,49.408062437673266,67.85521216495528,60.24959482064201,12.16366346995785,127.31900703507742,1.6185523789865706,49.7882067448199,3.7657994782223376,25.127589471008,56.9813225865348,68.11739335771604,350.14318766129566,KOH,1.5428080303149927,69.95104553687064,76.1936485496504
S0343,4.290835528290288,0.6549061844683456,1.138951317061518,477,0.08185893608183328,0.1803894967945499,1.1337059220347228,0.011413996930963212,50.24117433874943,71.94858917189762,73.76494038638464,19.333181619368375,55.78069377104592,1.8073714277925945,88.18270711667581,7.618745898853763,6.301611994356842,57.03629328780854,56.74282919642554,155.16082194939287,H2O,2.8392250737747284,71.99433034637093,70.11504023440017
S0344,9.243181335521488,0.8314443856701296,0.5205599395657139,58,0.02152359131556824,0.9262669857733621,3.350162689037834,0.09410482600383771,38.17727703549153,76.07704457757917,64.02871080318283,1.601193478617379,29.77626373916432,1.8881576112158496,372.8041115420585,5.233524806245084,26.748949627451218,56.45674859399129,64.83355419404847,270.33989531855724,H2O,1.3881004958266505,75.91015897966567,83.91984421301764
S0345,8.571589953550095,0.21435705904299718,1.9262244817227838,414,0.07845644461654865,0.07765076379714815,2.3416509296690675,0.08726550721760555,45.01271523406724,76.58278949789911,66.44969182253303,12.028947377678518,112.01191718712273,1.748206344642348,528.0784380624845,8.370255298825631,43.76259858866255,46.173412087137265,78.28926115249423,225.89413206612284,K2CO3,2.018537247702876,77.3895126323594,76.36554283809551
S0346,12.701151862992113,0.020885870371895675,0.9722558369726502,83,0.07372321438901991,0.43607100219388534,3.867763709324436,0.045208659681136604,44.579522848497064,75.65162251347631,63.03596641536506,5.261425551207106,82.79154122128924,0.646345074908342,98.30011246428232,4.448413311422819,22.665927314552864,61.214504778347674,65.73231054936485,90.36857814783397,KHCO3,2.096891297338587,81.95194459925872,81.54145365224082
S0347,13.066779366485232,0.1455167737681192,1.6139251740525646,201,0.030748449174442808,0.6988395028788904,0.6170040760279821,0.09858053208502059,43.75484279939692,71.81701270022236,56.37709649438545,6.3564958210791715,136.5455526246693,0.7328655495431062,287.12089385609397,9.301644002024766,40.492933667751366,48.22562891377347,73.99343488353811,331.50039787512003,KOH,2.627584103238,85.53985211245521,83.80827889237864
S0348,1.8607761856688458,0.901018455429624,1.104950818890961,270,0.03325648863888053,0.4634419895515762,3.1316117582809753,1.865281706631139e-05,35.07569880547841,80.79841668952446,77.13273629956065,10.294526437008944,147.74840633391642,0.9104368273591442,549.2009757396729,6.660870605740828,52.47386417077935,48.91408980737934,84.84935163309017,272.8468367021958,KHCO3,0.19808173395740586,83.62679684964722,77.62437258140248
S0349,8.117639677902954,0.8751511767868901,0.09639094038109013,365,0.079459617804329,0.10117430070057332,1.3923536446377616,0.061397945627339384,54.94616410531089,63.67273392158048,65.3381680985684,15.12820722209469,71.8842155747148,0.3646637098734916,494.15156069280505,3.80154337528287,42.734526278989094,58.29062865487588,76.23610735764534,173.82831210616246,KHCO3,1.2725571721078723,71.71529005269778,77.84106713161758
S0350,12.891338398570491,0.6014389711486052,1.2699712374321044,79,0.04668310567684395,0.5578452259654403,4.264909976652957,0.06164281773718701,45.401139327335024,79.03813846078587,61.50826651527268,5.9826357977710245,74.00707211375591,0.14231766462772533,326.21070098558005,5.805916649574353,27.500997789722796,62.22372069901807,72.42625419581623,263.1583671815172,KOH,2.375731830849688,90.16984382990182,81.69381569927067
S0351,10.559588913021667,0.6045116918293169,1.9032926509912476,99,0.07335098484246907,0.645215589739081,4.641917528181537,0.045744305586988825,37.81167655806164,80.87674912322049,71.27013287902713,3.8189479597549227,73.03513828674443,1.751331067133966,469.79572041743364,4.447323668488331,36.71837967642815,56.34807145412999,70.92527576873005,398.88410827887634,KOH,2.463114343399794,90.23416314867293,80.48564027024588
S0352,17.273306982578124,0.6683863078007929,1.207207522091199,269,0.015650430589217643,0.7067543878806026,4.981991468395277,0.039694797293429285,64.59734204953831,73.92214790141055,57.86092033979723,11.82025429346159,62.192034265020396,1.1528445607998672,327.9354512053861,4.397797983177254,32.77252650837558,56.41346329737104,70.66328221834561,410.74599326362875,KHCO3,2.7892645840046324,62.35403506840882,69.61763890447348
S0353,13.515179000759955,0.1836175658372151,1.6401858302593124,135,0.08540322040825381,0.3795272163181313,3.9800370121364166,0.04553831354806076,49.797817555622125,73.37412850241154,62.940609742425046,5.065099011127332,121.61932270963166,1.256573590138611,120.1126322512238,6.544588163565463,24.649587757460324,55.49765312340672,69.58034613525466,342.2867579372161,H2O,2.1381036434722067,79.32481118370643,74.84847269126065
S0354,4.095754114547164,0.9152678264657101,1.7695708620633315,240,0.0713775869515496,0.5680233713184746,3.7686703521400227,0.04149604360796805,27.733341390852868,81.52620551416209,77.59009231531964,10.739581876323516,118.66944912379459,1.8612781021538112,101.09958453635709,7.703244109454608,17.983351181060243,50.43357155420678,66.71752687392437,260.4865250300737,KHCO3,0.8109464437037561,89.24585942719263,84.17938410698514
S0355,2.340806200608167,0.42458281964315236,0.46387874617837566,304,0.09078733807464856,0.45617961018952397,1.0775037943377552,0.07304924774822995,43.565758209043686,75.44527143948469,74.34426689783689,11.603276988708245,82.22383317156823,1.3637283384158698,137.36989227822977,9.381327438523996,22.169745173706595,53.2622268053415,59.01518118676357,309.0873376417316,KOH,1.5664306549446967,69.9057670539753,79.6611676858145
S0356,13.205966285919997,0.3893071429670025,0.43196923141737104,428,0.014104865524462273,0.6753354783647308,1.6800352949505437,0.013535543497328406,60.22695645136056,65.84626173315493,57.04489675872537,12.826625108229546,25.805958129256837,1.4126216582456455,230.02559413043733,6.515134075345574,8.765558813436101,57.969656476568716,59.18547551767623,223.2569171100277,KHCO3,0.19380133496480295,68.03328984092683,60.26357761654137
S0357,1.5037149002908143,0.5237285282300091,1.2258521678134735,138,0.05970843553569917,0.5877213976515704,2.3284127088113977,0.019763922059113016,31.7176410561987,80.74767601657696,77.1021652588914,6.091104299228522,60.24270919669954,1.5952404320298101,560.4016825741907,9.760871425408311,29.376119795540795,43.992148457483054,70.8960025703208,106.9503543474072,KOH,1.9760921891849157,100.4730188514749,88.93621346978162
S0358,12.129736044195802,0.056496307107304494,0.8279466549153424,289,0.0603129379189922,0.5304986573635435,3.8669052389112486,0.01805182283924236,48.2988015348681,75.28806140975914,64.35561611744652,5.4680089789309125,57.99939605212888,0.3210620547290672,485.81669578255276,9.59144396451358,37.88731799347297,52.795242650413236,69.73691053669525,223.52926882374135,H2O,1.7074561133753945,81.53035669164515,75.06406680638202
S0359,18.864374587074195,0.17462053506851863,1.6813239927047734,322,0.035992613314131464,0.25702912316986615,4.574829325389843,0.026247058512126456,59.60039862742347,74.43285641373232,52.62309379906204,9.40991372607191,125.4413420060336,0.7843080911062038,276.696889899001,9.055437709890523,32.09897028440404,47.29707261247054,67.53921565082817,288.6497402313354,KHCO3,2.03382521420775,77.22644065676101,65.7412151892814
S0360,11.9340093796417,0.7406532802621068,1.8010460155620422,109,0.04638817603235652,0.011998332570751578,0.9456955001149231,0.052525841878158334,48.51000380834847,72.76700443794977,57.11062250516693,11.312537317380714,31.384824544102713,1.939595062636396,311.0537245789172,6.49984085473693,21.366667765136384,57.61106759667945,61.12755900343255,319.4753065927628,H2O,2.797407604824027,75.63848337938926,73.04631697790624
S0361,8.375228597923916,0.0919706812458752,0.713308544812409,335,0.004760174765695494,0.18234085855831497,4.611837423350514,0.011120874733821874,37.72003742632959,79.47384888218262,67.33438668318385,5.699718349550553,124.73779927555154,1.8535671483911524,181.39739086985648,3.9863276058158847,33.66649644108271,55.62501125334762,71.84466430545032,471.1104392245794,KHCO3,2.0931021739892515,87.09485074493406,82.18498163538978
S0362,13.22247615040471,0.6071205883717243,0.4813724123592193,306,0.0748401438240742,0.12589538100992698,3.47812326177029,0.08681692953265041,65.6402417678897,66.81477737811,55.262455137145196,13.468137967009284,106.9938747858886,1.7797430629893511,431.48118518911417,4.525331288707695,46.160843874368425,51.79259712204388,78.5860266904168,399.8000502637773,KHCO3,1.0293047980868075,65.02738100545326,65.65304324505321
S0363,9.706804919338817,0.25289561858450776,1.563245775335285,191,0.05538292546091423,0.4545938975608373,3.053853653425193,0.029736153130847234,40.10153042374141,76.25138650044026,65.04257258769113,6.270723782463578,115.2173896869584,0.9589681696440476,487.5764327333617,7.53369001898383,46.75055864386595,53.54372215637145,81.13209966278237,118.3966526501048,KOH,0.6763363252234545,91.91336485050797,86.57616200637504
S0364,11.366718997002764,0.39540265790155676,0.5568640107407908,183,0.006716364135048204,0.6161355692542262,0.9992063564096976,0.016253798746870784,50.15505224950908,69.79239047391172,59.19517532498986,8.278898582697389,76.18771438605305,1.7286666118149308,166.17567653051864,5.952284861989373,22.75228660702635,54.13454008987779,64.03332980016081,128.38199299381762,K2CO3,2.578444999774099,69.40178970642344,79.22953986193838
S0365,18.88783136675398,0.29580679940299287,1.64700249384222,325,0.06839483340308808,0.2209541585979601,0.27762516404575277,0.06756213095982433,70.38628456913202,60.12443850276994,49.12701448712618,14.949625085272771,108.36435348022857,0.19195217569695466,53.83832555828526,4.027611422277975,24.07808054715643,60.80398475896849,70.2375066311277,95.22264165788931,KOH,0.6635632154939056,52.15733573336105,70.56880792536778
S0366,8.335950118214711,0.36211598930029965,0.853239124761038,373,0.04721142564588761,0.9396665250075152,2.8423244925396993,0.003808630059931928,44.21988140177344,75.85256694761169,65.41972311629004,10.564515138952906,99.17376281189905,0.38218310608852313,385.6166976028931,6.3529575354751735,38.12797190863636,52.97475050582581,77.24364076176221,382.181777249413,KHCO3,0.5686677837265554,78.84274268888615,72.11666221989378
S0367,19.26262071265437,0.721855446132403,1.3384242995900262,197,0.004411664683075,0.0166153079316489,3.257578416644462,0.06199685648741642,68.93335340740023,68.60107409768747,50.01646796407244,10.66179027847831,119.96742537972183,0.8865386271197028,350.6319079071305,3.1220138185143216,38.4145307488461,61.20236486118447,74.63051011228411,367.75502532133567,K2CO3,0.6991750339748298,67.38300737417386,71.15075123323845
S0368,18.201662197165213,0.30415049846694325,0.20011527453098968,66,0.09699116495796145,0.7745780050136895,1.0539072467734412,0.06981984306764998,62.08954723670393,68.54938868866668,49.818913839459995,7.914635471733874,78.08007848087277,1.0184449266960403,259.2147583664596,8.137267596297153,27.547133258545056,57.00374549730714,64.05081725851188,493.8633057635965,K2CO3,1.5756384595784698,56.74056429257948,70.04028842376282
S0369,4.720031560996633,0.5707405938939282,1.2514800561063804,40,0.09496210216585461,0.6289527218351378,2.782281029127282,0.02149165313867192,29.072689306265424,79.87653707217055,69.48217044435745,2.3187328122849467,81.46733123651931,0.600663591689628,397.01954681072976,3.515069061427836,40.469161952268855,56.617559763973766,76.300654643508,284.9105379489569,H2O,0.4601435851624248,82.42148163761541,82.80305152865105
S0370,2.3178647166281436,0.48128989817710865,0.909017680687086,93,0.05177733919857256,0.3798192530372051,4.282467013812868,0.0041964073443634285,26.14323759409426,86.6079072450595,71.77888701676628,4.330436083418037,103.66490895617662,0.7773056746107961,343.8495798515318,7.403795339384833,33.3754022239713,51.3979012038148,75.79437986109744,421.88671798199687,KHCO3,2.8205431587304366,93.99722742651605,82.34357619394731
S0371,2.9147820261711064,0.6670344537090217,1.1773508417191936,161,0.01027356964988511,0.059984054968283844,4.1753297272751,0.03636453589194496,24.99256549685129,82.96864123306453,75.22293022697828,1.7393194364370665,34.05007417663048,0.4092745919482007,172.8314986586899,8.551072153379195,6.197894373960818,57.81961922755792,60.77942578646693,309.3979363892544,KOH,2.9021357509962598,88.95687330622961,91.3766929207206
S0372,1.3462146873794447,0.9374614419315104,0.3443482734122782,482,0.07570750093826059,0.6312117060664366,4.636775902931486,0.009859423024193648,41.07785455354755,74.54835157337813,78.3014713998747,13.918272693490701,76.71177828736126,1.0293546602602237,256.70551610495176,3.9285071211777587,29.637283172843095,58.76780938291793,70.70870839621209,443.33902063734666,K2CO3,2.9240253745206966,80.28202991358881,81.2790984507941
S0373,2.7944162543626394,0.7352463762381478,1.4763787524389225,45,0.04970117891046718,0.3917573777369916,1.8294290477844022,0.011647784967333707,31.74073825225376,83.9510294237265,73.83846481560907,4.999278761011073,146.3536098837747,1.6083022564489364,274.02473475592774,6.630470834662088,45.50025395413771,47.74102145721494,73.8555094795984,374.45946768623816,K2CO3,0.21346193397718743,86.55669507058985,76.72970062154343
S0374,13.97712869491078,0.2227909748048492,1.7269661843110249,222,0.030942300350648613,0.936904468019087,1.5902478627545935,0.02542612314448646,54.81035896350053,72.05069242433794,55.982745456185306,12.488671586904857,24.88180160780593,1.356584747956481,531.7413568510713,8.453472600516287,26.20863105793319,52.28489928065577,68.2405265724129,339.2978067460638,KOH,2.843972826792092,69.63288560096153,71.92500935960166
S0375,2.352584320744351,0.040871303710671825,0.44131220218064354,423,0.049650399575327124,0.5465701741408683,3.747130029904043,0.02954679246267593,31.86673001330446,79.39039295958192,74.42185798667091,7.691676233323641,61.0806139726312,0.3048052699945284,577.7153678535069,4.82443418329901,42.076409832743,59.767739532518696,77.39292211924274,304.30520194237266,KOH,2.992503304590533,103.74890539356954,85.83600899417073
S0376,7.060536975581464,0.26964140385682683,0.20047196548512183,417,0.05272197039514098,0.9402549961805732,2.155562025485025,0.052997034102142064,53.80969893551846,72.21406212049395,66.03961559492046,9.537741955475186,60.8342764816182,1.0264050464537606,539.0107765660034,4.140416151011333,37.78951880045929,61.218742387203534,75.00656840232988,375.33673599933866,K2CO3,2.8330444171019127,73.94710997883487,69.8875005495519
S0377,17.052630908419637,0.5991271513932522,0.05704078623220943,373,0.05670845820321158,0.22827885653857105,0.43774332013890305,0.06783918855030131,73.75798678972386,56.536938730455816,48.963435903751126,15.316796022580558,102.35033550065044,1.4255281272814773,439.9314737096284,5.357733776772198,45.576365076634076,49.93862824467653,74.71926427511315,238.8442292019547,KOH,2.0457228267118475,56.73254739016966,69.83874411364992
S0378,1.4421667789806913,0.06091155534940785,1.2875232858820993,115,0.04468114765187733,0.7284686512604622,1.4140056533524987,0.05927709408701848,19.847679639418725,83.34800348398244,74.10990835720168,-1.4626919961024458,33.75404672513819,1.1068010634524883,363.44585815531843,6.88289423608321,19.407442367483593,55.47888701930267,68.0901074374372,93.45946131754886,H2O,2.1335674419846526,94.8835991578271,99.9318745611803
S0379,16.474901169189778,0.5014025847292239,1.2181171318166737,423,0.060969775010766614,0.6210765306402384,2.0929114276574454,0.014836033728951682,68.73660489240183,63.03696856321978,55.2203788427871,15.388302561662828,101.71072401425195,0.844183633417543,422.8791322155943,7.0269571639832495,39.42780720098937,52.98731522445361,73.39430667228488,67.99375795902836,K2CO3,0.4545335256329982,69.2117386945115,74.4155512717789
S0380,6.3552407206945984,0.6008744204277203,1.0979278513009993,351,0.09195473635003136,0.7420141475329987,1.46258212738126,0.017208603245262643,46.9310469635257,70.63603590767639,63.906141796237094,17.74443603641589,32.35523128471053,1.2816374004393687,565.2922558176327,3.916134334203809,38.43809718750803,55.495947325463206,73.11271606505842,265.56067922412825,H2O,2.6354615235173915,72.12832629633616,73.85892164800384
S0381,3.245131724811469,0.34090145190879123,0.4715747212707911,229,0.036864540622760525,0.22252118533281143,1.661027854736608,0.08787692497929145,28.78011624329489,77.23385955514269,68.74676008834552,5.91017497752791,32.34397416438303,1.9404134640705235,172.4992790775841,6.202981933717801,11.259141653453295,59.22988432833517,59.39698778579487,319.6812119990636,KHCO3,0.27295479542343737,87.94123959793122,75.27858425865891
S0382,14.238006141918863,0.7732030817083637,0.7879029318519742,400,0.07284592985877496,0.668344571075396,1.4688795308719538,0.05583523150641137,63.04188355931434,61.72188369018055,53.031207386008866,19.08878680889322,114.6638364345027,0.2803250285555482,335.0186893738408,4.877975368776415,41.50266095558221,57.99133220055997,75.43655505522901,85.48206375678144,H2O,1.0214185851911552,49.869556366805305,63.611084643278396
S0383,12.949914088817795,0.11553227060243408,1.1930079070204844,172,0.08955080312559899,0.5030599891263002,0.20749583591539722,0.08699378328976891,53.94561498851849,69.39302790701971,59.559806208876985,14.052442389543414,62.137572598263525,0.8410305154203652,423.0765708302325,8.894169526454656,27.704074621255582,54.30975949527075,69.31942432652691,179.106597010446,KOH,2.9743397709297423,75.05714387845993,77.55107258201718
S0384,17.671968257014004,0.08438640391845068,0.9985660491297471,448,0.04614194830023376,0.7453967251572531,3.1854735041222124,0.03715465113198744,64.36398816101817,60.09828324802227,54.802578000102244,13.261615256080892,147.06498320278723,0.8725511207875817,417.17079075483656,5.195025924448215,56.537753010267075,52.7887792359877,82.1164969836632,194.9144926889692,K2CO3,1.3247508493986864,65.61940857174577,74.032366986968
S0385,14.96634983227383,0.7309068686415673,1.9756931852276258,229,0.04490212780180851,0.3337741977102996,2.9864621017673465,0.061440000743132384,60.80038400735909,71.18065647662733,59.545209151589034,12.522432260638052,24.85588173662214,1.1962378898899049,173.79900695879678,8.870931671737017,3.5706394088702957,56.58119720263522,55.31617774176674,303.25799084371306,H2O,0.4803530494992503,65.90010258639447,62.02700354883971
S0386,16.266137677312123,0.5005364030441365,0.28151510758789894,279,0.06060958155012318,0.8911564552106,3.266917492393403,0.05236634160546108,64.4810780284687,64.18720217765609,50.89394968338166,13.511009161837197,77.86386628333923,0.38913174357564395,364.4369706121586,5.999952288212545,33.853712011575595,57.040179256271514,72.16344501913623,175.3171052192551,KOH,2.910954519942332,64.75671058721497,83.55251852600382
S0387,6.3586568788548234,0.6915183724634587,1.3933376625547116,129,0.059549269182826325,0.09345830146523687,0.9615494801681373,0.03191234898204626,38.541877075217286,73.77277850836107,68.94471194757709,10.647987648307392,34.70767189762307,0.43562175675389214,483.67049117948915,8.086100360785174,24.60548405454748,53.80637703982046,67.43990001429822,93.04186980020302,KOH,2.9540049764210345,92.73132396727276,78.74751519261652
S0388,4.371351331814734,0.44047906521770874,0.8145943485275413,403,0.08085234489030142,0.8091174256032762,1.4782727080624265,0.04699153720335954,45.935737830698265,72.904286568801,72.30068265673127,12.577711684297084,65.67926567855412,0.6421866333959237,300.795018628639,6.570421599809006,30.534179674369664,58.57457382499127,71.09508826064496,124.18553342594755,H2O,0.6424237871922717,77.15513484996666,77.38815330918935
S0389,15.261680281176309,0.25393801290671575,0.8621172337019734,345,0.04817185499405098,0.8627064295569399,3.0980796347246113,0.050249087682693205,60.83037868056187,68.53220891897666,57.47720227846437,9.94468829418106,149.76891857917659,1.916153082210187,482.1799037182789,7.353738368916836,49.590058328278126,48.58649480399117,80.07750603494728,128.27651072188695,K2CO3,2.6079310453464952,76.06981548000448,76.20741727452457
S0390,16.329860046078018,0.8209112944974577,1.4380195536597706,409,0.09961617201430469,0.819079788253153,2.998137842299607,0.02007709747566786,69.52240144606905,64.191976952064,55.973051486660665,18.70811457056684,135.54952652600912,1.494806304338715,235.13308072009622,5.767495576029682,35.124635093399284,53.37957796298762,70.9605653667117,429.2127249002427,H2O,1.232227645962286,56.669322878657894,60.34323926802789
S0391,19.819597698012792,0.8014217201792895,1.3879479411354956,191,0.006887685317860797,0.5175991303191583,2.531651546771339,0.03150103723767316,66.01933030338121,63.043508170324586,51.746261407220565,15.928193212733795,26.282173151201597,1.357217273213856,565.0932724833426,8.377447374652435,30.8317949988859,51.705402367878854,68.86886973879825,177.94385914023115,KHCO3,1.205968547011472,55.35327711367466,63.75858694090113
S0392,8.839735861317102,0.6977495061458825,1.9825994274673548,488,0.0013136170094894721,0.44400113023045373,1.7520662500509872,0.07914097505069756,59.220714877537894,73.9116476670686,66.83266020589753,19.150204728715707,93.22325969733885,1.6522196060490983,334.3392110844876,5.976325685015608,28.4210544787003,55.552112587927844,71.181936365653,371.6112802616406,H2O,0.8618231325010147,68.12744094342058,67.70473766983588
S0393,8.06834363006288,0.2794236858576631,0.2655046360137092,115,0.06437963284440276,0.9962996636596281,4.564655023873449,0.09157882394541272,36.93657610098457,78.79033433385955,68.64471807667111,2.8947444543109118,104.21689962717664,0.3423952909417166,369.69033195179014,6.2022315261007535,42.38566882563621,60.080937220948755,71.14682759298631,305.52743585268763,H2O,0.22965979620919988,86.1744401458206,76.3939151413157
S0394,15.75184625409794,0.5943283602003963,0.21717820227449103,226,0.030545056323825794,0.2368802317020205,1.698851211494219,0.035979409354529944,68.15988766930339,62.98726416303048,54.29291784687319,14.737253940412037,47.23950111351634,1.732732357475128,47.87609421861539,6.6237506776167,4.806470704486193,59.662314560068175,59.0510274094167,489.6674391273989,K2CO3,0.8772260526871482,48.944924765232635,66.2557067548442
S0395,7.475267264807339,0.36736415797062655,1.4514342460861949,214,0.0247978564812489,0.5514072062172841,2.278095782186258,0.030697228220901818,34.29271901394564,78.58193534277723,67.16450846067083,7.608718021276031,38.86372454153853,1.2301821563862576,127.05340816329873,8.822768828701884,3.772503454325731,58.31878920356396,54.701244362792266,172.770200996091,H2O,0.25595302546585086,77.95895727854531,82.24624517162273
S0396,18.68438918646773,0.1006662525933678,1.1609899648427542,79,0.031878008920423764,0.6739687701285023,3.3905691547710437,0.019519716457188252,54.71566839497552,71.6849828507798,51.259532278040545,5.326735213707914,137.56954750651803,0.7371251141719773,390.7723118684955,7.615652500210254,43.345820623502945,51.29310508455061,81.87263371607479,121.26785923814009,KOH,2.780678934443894,69.51499394284792,77.32754435261926
S0397,17.309842285017226,0.9181404397076204,0.5555797264540137,53,0.026348708945390476,0.7038589595028176,2.7151071543338205,0.06784911686505812,68.38289107507825,66.34594665244626,51.50253687564835,12.051839850265022,145.94613739283898,1.6501249859168117,269.3261119158946,5.444122705960249,39.25960114599022,48.14027052526671,76.81505481624491,73.41702696255217,K2CO3,2.0189899499389123,67.99919733689187,64.96449415029812
S0398,9.150886520125349,0.1454504446097718,0.16804454428808335,338,0.004048214916384338,0.21198441908119292,1.734429881821928,0.03230997016663373,52.2671542684828,65.47229588074435,62.728277851883284,11.320782154036612,148.94607145155345,1.6248726152623858,319.6533605611596,7.6922374378708,41.00583501942176,46.85360011889876,72.61553926664936,158.43184802657623,KOH,2.671205685047535,74.62692316847938,77.84636480151084
S0399,15.26655028803845,0.9507349802825944,0.18045991669689676,310,0.09718177119666828,0.6574541514164032,2.1782239522825493,0.09877495390991886,71.60370987143753,60.83342095384344,52.97687684429248,16.448431427844802,122.66903058550248,1.7068463052617815,65.89370297820925,7.4969860110600415,18.98990790418938,51.581513002682854,63.76053996004201,357.8318988869267,K2CO3,2.180142976264655,56.713539784439554,64.13500628083527
S0400,15.336314607608964,0.45154571522837617,1.7894398405815954,237,0.022853803356825395,0.8201858708165239,3.9724040892675303,0.03256848020639532,51.20884478205426,74.11963892278956,57.910696853498514,5.768145198392567,106.25526902268342,0.3194840102032661,505.45708589391904,9.51713493115793,45.69644322501717,50.99539399946355,78.50897713783506,88.36620108658727,KHCO3,0.4807319261396539,82.51920120178434,76.93130763075195
S0401,2.9593535078827196,0.19328159955023347,0.3918159761902984,193,0.07366894649634133,0.0595183910529011,1.390645777433062,0.03941360467826282,31.89327631945071,79.59647629690537,70.42495002461516,5.160120043487071,64.94493278508972,1.9417863654919745,477.16819330884385,8.88991505217745,26.64206151206642,50.753219519565135,68.0158165098037,160.11583031734634,KHCO3,2.827686456532364,98.13942887254714,86.32016304500567
S0402,18.148505226911766,0.5464819379045746,0.6535094086098863,116,0.07649704307472335,0.9124060803920634,0.7112761988840771,0.06033341962120348,66.15126391267142,62.20226117628281,51.163609622125065,14.750108364312826,42.28178060221782,1.9232896922004892,135.65176616145425,7.532128466258737,0.9969190609070573,56.570989441803825,59.50598670004501,434.8887656828054,KHCO3,2.7096898555350246,58.170215462985595,67.50988227661787
S0403,10.599795076509286,0.8742163775176442,0.46104624043170617,93,0.0929964824027157,0.03920901459375387,1.5658160091488855,0.0801684293191305,49.084905280163355,69.23913387870893,60.36988859112672,14.028360437216966,30.267477917610123,0.7791923264533088,391.56773363670624,5.390549774788305,30.842586111949238,59.07901210075132,67.2974633041418,312.3288272140341,H2O,1.1094206259130035,83.54422082813865,72.82945325160316
S0404,16.70269185604709,0.7349026375454656,0.7164426486055553,347,0.004024396252244617,0.3624113221635104,4.247671077439507,0.046951866534563375,66.70757019377412,72.69619550007144,54.80881879425341,10.519507241925217,110.12867091169396,0.22519863460264733,496.43967064293486,8.457035142028886,47.1929773001118,47.40338279790846,77.92006117915486,81.28469311393795,KHCO3,0.4234466870198619,73.67939484334123,73.72080417197871
S0405,7.080942419581623,0.8084955363828352,0.1481534470647258,259,0.08733278550625377,0.025655064270632445,0.4449485742817333,0.04226560337889584,54.42893510220242,67.48576641421162,63.602235415866204,10.297922239002872,122.01404397331657,0.41740577199069284,395.286857756892,7.026458051439607,50.714501607537926,52.506839674720396,79.2774404575732,71.45741491239347,K2CO3,2.142048777287734,76.093285656084,82.16703489659469
S0406,18.014941341427807,0.6621955330436102,1.042928983907458,372,0.053195391903140224,0.08637371685418604,4.9584803668622595,0.09956378335948084,67.57007878737562,69.67511607261424,55.29607364332267,12.207807593722622,127.4389748191474,1.9863785683449244,206.92691431863156,9.89688991670631,24.838137797913287,44.85510924869793,67.36459173579446,77.50529389659509,KHCO3,2.2122477779364953,72.93416305510807,71.471136748595
S0407,8.3948318959491,0.6953537988726739,0.14454900154850767,450,0.06362186688661696,0.9120566023282783,2.705014494638313,0.0010493641139944444,55.4451313971551,66.3859284192435,59.958441360779446,14.434227696266454,138.78945042949383,1.1697245920261599,403.9833557725553,4.732542899988628,50.71112175718243,50.20331827145793,78.3469208022193,473.84377256626374,K2CO3,2.7008042300380506,73.72295001696224,66.31052369904103
S0408,1.2059153781256688,0.8507036950496661,1.6027094505664996,30,0.06480255743498234,0.3613122224386864,4.92422871983547,0.08950652888512459,17.50085791501177,88.59112325412106,81.30054295676788,-0.98873153666861,134.39084327298855,0.7775814177694989,149.96319617943098,3.5575908865162087,39.40720946159354,60.07679844808797,74.95948005440171,432.4421428524746,KOH,0.2527017024081318,103.3136553423573,95.19808274781266
S0409,18.20225755196601,0.25717132877059407,0.47508704300176174,205,0.08215998269348804,0.43052381512080234,4.694982110429888,0.014914082593973744,62.00663421911154,70.33540882089453,54.05843503856173,6.762606848931795,149.96636539355205,0.6475851183150737,211.4053484492699,3.489242683215634,43.40045049395212,58.45435154718569,78.32418543642015,430.22301890844864,H2O,0.5109411302793784,52.206728018407205,66.45284474051
S0410,2.7344468589365376,0.49453071400670906,1.084623710062976,187,0.034007324893751946,0.2231909375687271,2.264068571054584,0.07859252762089135,25.319778174849898,84.07512298375694,73.41563481379069,7.518148152451248,51.728321425742664,0.5882842970908003,166.83970227109182,7.480212718461763,11.347634389675218,58.204765480018615,60.156229827338684,465.89754300959567,KOH,1.8349214993496288,90.66218769607177,78.52347820343714
S0411,7.066959114217882,0.2289973474014062,1.7613573842473018,426,0.07357206779613935,0.6011248124848526,0.9924553730267455,0.061793155984629804,49.03023434051349,72.52046862370867,69.4730390729417,13.530195919848698,119.22998997758738,1.361890253603516,347.44730836241774,9.574821602380666,35.20115987962674,44.49445072150095,68.32297302657791,277.3649256129096,KOH,1.8954814975232395,73.43919749674183,71.28044807705031
S0412,19.051177373965295,0.9877913279166806,1.3052459644039165,484,0.053329232862497515,0.5988551825310118,0.8244238828256922,0.03418472854980921,82.43260222025776,52.75979590859998,51.74572478246883,25.056178712407917,96.23973660872369,0.8968368798874032,91.6891886563627,3.0135234000405364,27.268819225578557,60.35165239325436,64.57739850896104,161.30510201450483,KHCO3,0.1974680207135182,38.81230829967439,55.69530192489775
S0413,19.061535791813565,0.9446187462897472,1.0705859952371573,16,0.07954600741622943,0.3784783879069671,1.1999468193497875,0.08738749555210185,69.2980987417881,63.40081437508702,50.81367118667332,14.113857041329844,53.96186721896571,1.934280328800362,561.986916798553,8.080397328704443,35.241130579579064,52.125116866427476,70.06417870919653,230.60660190733316,KHCO3,1.2511029480788094,59.91542053049786,60.52639004725471
S0414,11.895319874342436,0.04903254325482084,0.6554241686995974,79,0.09906405724424322,0.3397045230873444,3.5506632028226863,0.0012907227980991976,48.090514708012726,76.09393760520759,59.414221975245816,2.422805614720363,147.64769189730256,1.3993017582261869,220.10204158783407,7.599456277730618,37.305771838826274,50.58132674547202,72.19830418083764,373.48883279771485,KHCO3,1.7940690207005423,69.48993017002262,77.19795706583231
S0415,13.004907031226185,0.7085194207905315,0.6726738069858139,136,0.020864450722972366,0.8861146650987819,1.3647499736574393,0.02266906520749237,55.99501208945387,68.88988794729045,55.34655765948572,10.651153057487031,136.72675362065277,1.6048847229930263,154.81297245030675,8.12612934553626,32.854043606355354,49.051582025626196,69.19710092033469,444.21479218456926,KOH,2.2399428661400282,70.59549978765125,68.8915218982264
S0416,9.520464917588075,0.9259958342415092,1.3422790408443983,408,0.0994702155144398,0.3894513972457794,1.7071263480214915,0.056689279624953605,57.8099141684113,67.4247709885383,66.04181360694857,19.473453276428376,36.70703689773514,0.6562089423080039,313.0333937530438,5.487837847336349,24.968636467863803,61.01690148856855,68.20385648432521,245.79091701478595,H2O,1.0168370061571528,68.85526428049738,71.98982326973152
S0417,6.571004662263226,0.1887695916760602,1.9883373288301234,475,0.009891403273994626,0.49856598223286414,2.243894019973074,0.035154226004969806,35.37626046336232,76.899353439478,66.31199429921806,7.358484039119528,23.40058450204458,0.2504541773063891,187.88875651918815,8.743475112604987,8.59191307850327,55.96499708106053,58.11358041963343,290.92142992192754,H2O,1.5033201297633403,78.54373218761974,79.2602319172144
S0418,7.244626362028403,0.5722657782471032,1.3270599878002634,169,0.0012294372425765729,0.29047171480068135,4.566163402107282,0.06103774953183277,29.196734414205476,81.63403862514204,70.09146211730535,6.766771777351176,109.48299910324799,1.026863391025574,334.89532923810725,3.312948519932034,36.424783079438996,53.14240578437022,76.45448544333303,469.30234697431393,KOH,2.460759129704827,85.0107166169687,86.01366806209325
S0419,13.77785066546373,0.9163334146121614,1.1199890005663495,257,0.005372031681605295,0.788901808323556,0.9469670894242305,0.0024110193408666825,58.799582175612244,63.552804200642356,57.30299589102462,16.934413349420822,98.53698175134957,0.6977049384378318,228.65021537578872,8.288017704354193,28.754806252582107,57.79417637218316,66.42793173687642,98.37438669924309,H2O,2.8662956853034474,67.2886033204526,73.70200926534405
S0420,15.29511605931592,0.043606518799940854,1.4639945153760998,212,0.03483645806893941,0.4034736753301007,0.025132763049015572,0.011645893048171253,59.12287710799305,68.05996087986065,50.48336874708656,10.459580611963425,141.65603113444897,0.48395801351505496,105.27808213835326,4.869503589443614,33.003172282896855,58.2935435715433,73.02916731272707,438.03464763835575,KOH,0.767912558630552,56.68185543025778,69.15830809450496
S0421,16.04000183079112,0.7004460645743715,0.9357591684445992,157,0.06365772673716498,0.5184749360788813,0.30048205189085075,0.012709624021843925,66.3816434858995,63.24523350580299,52.52550846428463,17.290315237440062,50.42068733084808,1.9100200485216365,181.56028795553934,6.337864424006501,14.18990585077138,57.28087868738014,62.58119508243409,121.68836701337116,KOH,0.833822396877699,60.848035801213975,67.72608192571386
S0422,16.002744713096526,0.3043755172988253,0.12968326177556258,481,0.007833924547897114,0.2608235983590648,4.523831708400589,0.018928364591600945,62.5052851721567,66.79786170522367,57.231885107001276,14.014359116121046,30.970433226348316,0.9435776072498575,279.9107116280694,8.758453900900545,18.968857418705944,55.93429467730691,61.26638781050677,267.7376076307791,H2O,2.825472743558239,49.698380744300366,67.25753704706611
S0423,2.732915957925117,0.9251522334227651,1.1289706635970405,152,0.0015609156384271598,0.9877829964178393,3.237582324216816,0.04593314408005428,29.49075509268771,82.37171571812586,71.68449683403126,5.132766238198408,53.69799339035824,0.4319463248926927,47.267139093386604,4.899513246337959,14.126812962957073,60.70103378202026,63.84484371714544,148.29040789837683,K2CO3,1.2481423372117824,94.48633954301783,88.20694645249125
S0424,10.393985789349047,0.9713476627137141,1.9156743161657066,441,0.09377201181742069,0.29858078351448564,1.3652030966390338,0.07521286995435712,59.72802160710047,67.66434900869643,66.80905495144762,19.734126037499884,22.46059326649025,0.4774362400941643,469.2662403984143,4.296452581507254,33.576821556284195,64.00401288534205,73.1531471062086,321.3264338107719,K2CO3,2.183210141110154,69.54803714228358,70.2171034279819
S0425,2.093616440316241,0.9448238242222996,0.3588528552917427,208,0.08237073695805304,0.7730351055964961,0.8859625050559555,0.09055388379289012,35.886526394852396,75.71094798591913,68.93779340459761,15.410857175954048,24.666057654561214,0.6333485106827286,384.440001816537,7.76919229743519,18.216806023772943,55.7029971527489,68.06263789725541,301.3580397687197,KHCO3,1.8755691633166411,82.83743989537373,76.32991569710485
S0426,11.441048764150976,0.47947207449088913,1.3831097327331248,414,0.08110913394276408,0.4332206938531916,1.4713336831855717,0.08353725302842462,56.34681833512466,71.73693743822113,62.07875702825157,20.352511278666316,138.93151476969877,1.9987009095604542,372.77497614866195,6.7337642405476315,46.32642094218055,49.459213756391044,75.7931446225563,221.00331390833836,H2O,0.9282042714027632,68.71570310994558,65.82681813200456
S0427,9.389079526094163,0.8634222244794203,0.4098580404315224,435,0.08855800327469573,0.21415523103329848,0.5739846362564005,0.01968878717756836,64.87739391644726,65.10909699994977,60.319550863251095,19.999989827687315,65.76215572524418,0.6092218509872349,341.2484611731766,6.600827081223292,34.29940244692356,57.46153926318154,68.52623764696072,438.48658168030596,KHCO3,1.9953304436782724,63.09083011497905,70.76507832902054
S0428,17.866379472407697,0.8461039045497197,1.0762970921014317,163,0.07030339300443834,0.8017215763252126,4.707664551422205,0.04411505522306324,60.30433360878435,68.58816981857272,55.25078075957007,8.77924181761526,73.40517013125849,0.7247234286990619,366.47850822528903,4.797386608765392,34.19207053139253,58.31129590071878,73.99208519767559,346.91599412962694,KOH,2.0011411127752226,71.77303787620234,75.85561809040277
S0429,7.667385238489495,0.3259094685108231,0.20238613479697204,385,0.011336008845060062,0.34027072113875273,3.9210308718263343,0.019941159775853503,45.96104285496717,74.40891233595208,63.86939555099103,6.5203059873545035,22.388315089953572,1.3527234431696027,562.7516130431158,3.2441621407401935,40.48672422256512,57.47584655817041,72.514575686089,374.54230623287464,K2CO3,1.8180852376863212,84.14801002644417,86.10852600546916
S0430,3.2242733121245113,0.8306263194091705,0.9062381631537885,393,0.040510918619298585,0.866541413923833,2.3119558845627037,0.02644718166671908,40.95987485643203,74.72206046449045,74.86565812446075,14.615475106910106,55.16783142234006,0.6585266151795667,34.88445016212219,5.8718839683220185,8.18032714898871,59.861772692377976,61.039908379771255,117.79688219345084,H2O,0.3890163920635874,92.54518530788778,72.8900159946788
S0431,3.7168419590038813,0.046637558368337696,1.5147650245015396,151,0.07259179915999833,0.9161046130686448,4.3248130255760096,0.05035469815118862,18.664915378898126,86.9866093369364,76.12192337113979,-1.8270636600517305,124.61437788638604,0.5100280770134173,57.245834504917084,3.7459163632743757,28.098595808257635,61.225150841728905,69.28237466388015,447.42455508902793,H2O,2.985998284884709,100.44566438468942,83.7665005286511
S0432,15.468702002631973,0.6003071796972325,0.7016673332355743,322,0.028753111618360572,0.8612255970373632,1.2472910214661614,0.006810902472352254,67.37199371775898,61.76100155461555,56.69608164232277,15.289709029293514,100.0138247566735,0.40141065463423753,139.15124366055733,9.341924054544414,25.206100206109507,54.339623084452874,63.33435989984608,125.16807362900828,H2O,1.2612077373953996,61.584104895167876,65.81526674191736
S0433,12.74614320300896,0.23770874891482602,1.333174331729564,174,0.06905323004948752,0.0446578356587376,3.5856028423609674,0.021817432959327324,48.5476309521975,76.1972465025981,59.00958944844056,7.24456800421585,117.991478141234,0.6940970635528051,125.36178659609556,3.2887522643021136,32.45532081966712,60.319968635012465,74.42645206265057,150.2532338944821,K2CO3,1.9509278576512679,89.20050666860057,77.81347264757488
S0434,2.9213308463330145,0.12936121691950603,1.592945421971561,323,0.003425346378497583,0.7894996115550545,4.280662495068717,0.09353781613071173,19.434029525179746,81.72420722215168,76.34823701199345,0.35669674739227597,78.13778630319206,0.3012398102946697,133.28084189743413,6.02155597929067,19.82485424667263,60.921945742220174,63.91427330773603,107.62481232359619,KHCO3,2.6687089129265957,101.53711165055999,93.51857064825734
S0435,2.5980293161849515,0.08618366961291705,1.8550838607641107,30,0.03130759674707973,0.41722607183415245,1.783843558116363,0.0466116292658489,15.621566778449477,87.73541751954167,75.18912258624258,2.573598715766083,60.2647988276729,0.1354285141880875,413.0080149337306,3.3657190859057953,38.749517959067504,58.23787482545629,77.41374491090723,248.161643585967,K2CO3,1.3275366164175255,102.51637510385981,90.44562254011525
S0436,14.318413497723279,0.6993258881193584,0.4769377428923526,91,0.0553639032914401,0.8749856909804028,3.7873222272535885,0.04453865259778722,51.58400259758845,72.54644864274425,57.71673087913397,9.58905979103063,82.76531213268814,1.6288192249358868,291.90548159859424,3.668807121953364,31.733413033142078,59.89235273053058,71.9440832285537,449.4691542885394,KHCO3,2.344382664736091,72.34616355122895,70.39922130578606
S0437,2.382497120919677,0.3464762141303855,0.8046386724605232,78,0.06357689312111799,0.6415747200578914,1.4753617463215467,0.00145671547512789,26.54136886826828,83.58991091733455,73.61917776230234,8.397380767997902,61.999238892747655,0.3620003905876955,595.3139606507751,7.612066668454154,40.23639593365525,53.00379862301,76.49566274415473,163.60138382443682,KOH,2.9182908315702774,100.25896979519086,94.62814148827431
S0438,16.615341126516768,0.7275191038134738,0.3133078665275307,140,0.05812702578172917,0.8353067028025188,1.494285676295154,0.02473997470583458,66.98098160308892,65.41539547172867,50.86443624359628,15.371566124898797,129.06624256762882,1.5743560146489604,159.32497143767856,7.529778826818662,30.033648121566163,53.66815089576804,64.3558196631188,218.18903919032894,KOH,1.14091080473384,61.98235908066245,60.95713797153215
S0439,14.418602315973429,0.07470277739095293,1.9850421692951667,96,0.07007787133126953,0.5044374521681669,0.5352858927709303,0.08662924359821814,47.16563368295784,69.9773518662528,61.26594891094257,7.307676912450579,58.697583027069946,1.6153307100746535,207.17315758567196,3.2313653641560784,23.507640606279406,57.149341538915834,69.01968724892988,430.7298890339399,KHCO3,1.2752817536749363,73.9525582334925,72.94175718134109
S0440,2.5456268321960955,0.32213743445230425,1.8547319261693478,227,0.0016027860757440678,0.5396752495529435,2.2002902325469935,0.016462842825866877,19.390619108889922,85.59075118285875,75.42203878854772,5.615187985011806,105.7692732589009,1.1220471000255618,591.01720857694,3.0079203258460914,52.49936599069208,55.9265822063447,82.13123774274271,328.01687589150015,KOH,2.7261705710900492,93.4504878042469,89.18509450388545
S0441,2.611916567618646,0.5440963794515838,1.0845146892583135,430,0.010993178797774627,0.15294375581233058,3.648559532487111,0.04151249395347211,30.289926228230257,80.84023967126005,69.44766315808788,10.242467980251732,37.80768890023862,0.6883957207946076,504.1021402572808,3.5517265406994882,36.759889488131265,62.08516088458859,76.19085967613486,388.2273771408246,KOH,0.5629643166640307,95.90030428972108,85.19868277654376
S0442,19.746151991522332,0.7928159331905739,1.6856462558090783,481,0.08702548097563537,0.7861474851024619,4.701104027856425,0.0014330905867001255,74.40536376463872,60.45670848978983,54.04210045033607,20.358136420775523,109.2926441855383,0.3755621941247881,297.78555578676367,8.340992283983596,32.594791950595024,50.0216274363672,70.44420303927868,146.30002224625167,H2O,0.18292503124238274,54.77389407943575,64.46762827378026
S0443,8.111145119366286,0.32556497790274924,1.0467063747713639,314,0.06849311576492596,0.42519571555030194,3.0189849596454805,0.04783354816705559,45.72158778336192,76.16156949521903,69.19753141616827,7.50207216770414,138.72896250800437,1.4999297027698983,346.12022476121416,7.09203530926055,40.534468962760876,47.887547533137386,73.85957850820259,372.420438499659,H2O,2.735778114062424,76.93423867296782,65.73130178140221
S0444,8.042200794270927,0.6296324626726391,1.2509355191254918,412,0.012180232625915121,0.5050793170888668,4.315677688678695,0.0021021106726217156,46.03164452043469,75.8818456185191,66.9502716047227,7.914801666961646,99.11581010318808,1.2426352733653934,510.6114147721191,3.2668277163194412,51.15097872145427,53.46207930898225,81.68195198795335,152.4247603887976,K2CO3,2.482615564940983,96.31945992592668,82.53449813682438
S0445,16.44319177789255,0.8871179707538253,0.18735761991087307,380,0.08436536930245934,0.7872467369547506,4.1124732464511355,0.08196095530657999,73.30760147525295,64.58278989495088,52.371911554144326,14.132618000403014,92.78119940448204,1.345361567337772,304.158740246407,6.416679111109791,33.156474051091195,55.87674964095271,71.16568581292158,494.29129199479746,K2CO3,2.920490794398863,56.43588630200604,65.41783172984621
S0446,18.997722970293314,0.6197045563004815,1.5129881367886477,354,0.024980890564632128,0.6028569460786446,0.8667152648764043,0.08248537674871037,69.12501278014062,64.55233859875622,48.24233946137576,21.575915327864255,144.94537484281324,0.11647127070574897,147.43352244178806,7.98420549938116,30.227568068098716,54.03175313152022,69.84800664371247,301.9487702570318,K2CO3,0.2688895698609669,52.856391643198776,52.7113468013965
S0447,19.734020212634547,0.24062988000609745,0.2641498324341173,350,0.04834772853532713,0.20908774016824078,2.4290871445631574,0.078774218830237,73.25590386973599,61.90183252002605,45.741867270431634,15.437185117854348,101.56155219106003,1.8622823298448665,502.21338697599975,9.082659762205644,38.637287628593754,49.59866483923781,76.11823793649232,363.03766611941165,H2O,0.552914258278863,46.94318383072419,58.00222914426615
S0448,15.31418551991989,0.03415677374097264,1.6538745842025315,393,0.01537445477558137,0.5943303325593838,0.5846176776269574,0.02833640688911182,52.36652829861461,63.8904689545194,54.10678960151833,12.105143683462025,53.74155632550074,0.22595135614844547,336.5303200271168,9.538255434613074,25.676655541591035,55.641024630085354,65.58263618334162,103.28071286367626,K2CO3,0.4054064213604457,75.740114720357,69.11988178083197
S0449,8.148932125087399,0.8713978851619206,1.566235894464068,405,0.07130089558574897,0.4135565293998592,3.4107658078081746,0.08372372182218181,48.73301127259444,76.77850029388878,70.10535100421323,14.451410497199857,58.010833100206256,0.7969311817660107,117.23428038337813,5.2920839406784665,16.574165911005043,63.12488161486711,63.07043796421567,162.7951910187063,K2CO3,2.081906783651757,82.61046069925371,76.25510762326618
S0450,2.5865136172747065,0.031056716741883268,1.420401948508523,454,0.06701858768041252,0.474830286623424,4.74949834123038,0.054299813260526936,29.108821097967773,85.49793849597044,80.39786888368687,4.702863605146174,111.68986352967055,0.8651521343382305,318.1839237751066,3.95082699889286,42.158162844781046,59.408568515976505,75.46960097258125,112.88329680395944,H2O,1.8574292138667154,99.06444407172215,86.65068427029496
S0451,15.765791402621298,0.8759546559573574,0.0819591572442766,434,0.021900134645447485,0.038028161658641105,0.6854472903937825,0.03738081088670025,74.59938066125414,55.868680180837934,46.09043419859015,18.71406878000962,115.60675720598422,0.10257549654610282,265.5259269402095,4.658481445120133,39.97381656641371,59.51760470529263,73.6031032909425,225.5768218722754,KHCO3,1.1420720782230531,56.46873894041129,59.330111927432164
S0452,11.609680744980295,0.5336477626869399,0.613225428331204,170,0.08647667591884318,0.21792905602111878,3.6694156540127065,0.0625329959704233,50.76166063934215,70.57565523074375,60.80325491984969,8.596044617584766,59.454510132571976,1.0444696877665145,529.800243172602,8.433200444281567,34.62017696876498,51.137880169762866,73.27786554403987,177.86113889242932,H2O,0.26652809026651053,77.81491976100517,68.15234078434392
S0453,9.06021817569255,0.9396770215277672,0.5335940141225773,187,0.04072929639775151,0.28822770056721797,3.1611907543393047,0.0012341046060374006,44.33826848017944,71.82434917619665,64.941785680473,10.640392571244853,64.89471713042292,1.5303370895709187,101.85159587560094,9.800389505296174,9.323816827715005,52.52821267902779,57.758970757275854,379.81501683375615,KHCO3,1.9550197537349687,79.19631815885256,72.15632894995501
S0454,18.220733316799983,0.8007954034159287,0.726671450868323,126,0.02995899401600344,0.7158304077802177,2.9180251850404986,0.014296087760075217,63.323265688355924,67.98692217963206,52.069304642296146,15.678263406790636,148.83734613608132,1.6642104409180671,528.8695885353745,6.264755321522664,58.55456137192157,46.7707758327181,80.86842879468797,98.91904083266803,H2O,1.7533494068336644,70.85590891155974,73.2447780163123
S0455,3.1127521638168756,0.9979547694280041,0.1844090660600387,205,0.01608062935698901,0.021377548565134158,1.9506011734416961,0.07422935381702628,39.20644671613132,76.38281039004292,74.20688856397028,8.511603803109402,33.25383144543606,1.7708542872811803,321.96027958186227,5.137472494834528,21.498865305584946,60.29602606196948,66.34873000821534,388.42671580266574,K2CO3,0.42741931207578565,85.73281764329941,77.29318371695156
S0456,10.359876981526323,0.35720469729719306,1.8745460678318149,392,0.02735063323903821,0.41468948861684074,1.7756582387690627,0.0244161608716153,50.262324541658764,72.61289115163221,59.91703024923507,9.113214131361604,72.60385369721291,1.026665849799202,260.4877250892541,6.004334073720241,27.03447224400217,55.88737249608383,67.75039718358047,70.56717108736437,KOH,2.735838142973771,82.01487911234328,85.82189805677321
S0457,1.2157192505809622,0.7695164060418156,1.1120664590176288,499,0.003180665201157883,0.9247866017214755,0.2262459450944393,0.05980091173287497,37.248837001067976,71.58272734469546,67.94911316966353,13.498323449401585,28.11817905567597,1.2982087620063358,122.32129510967599,5.133692012515927,8.898124172597967,63.948857455859425,59.05546216990554,140.90802679507658,KOH,0.6769541580487726,85.95442881316862,75.57793501484429
S0458,9.9045521978884,0.4079116044731497,0.6179933782094669,336,0.05874249175315545,0.1207618103836326,1.0895435412600674,0.03851026028230297,56.21326518234422,70.32898290323587,64.9868889904266,11.644896737294905,126.74018705977133,0.25108745526334764,429.4662387040472,4.7954126624500795,48.87902940429917,55.75810157864458,85.05574880137543,406.38424638407133,KHCO3,2.2561765412171835,75.41834767836812,74.03393644445411
S0459,2.06976223795491,0.48507686410086975,0.799993218977824,95,0.08438084388805085,0.5212601443364249,0.07588441143413449,0.08548057787992615,30.71459798607525,74.09384271234389,72.54024595072775,7.349663915760382,32.004959062906195,1.0272726261353249,558.279824192723,7.156255266850257,31.07797618524032,52.68236931664128,67.739412857933,384.2494884985527,KHCO3,2.66672000137455,86.81385866480288,87.74285231611834
S0460,3.2575404090933664,0.6312304085861864,0.899933055604623,298,0.055349064494722544,0.7886571585669385,2.9070855279101027,0.09524153059966436,31.877937191038175,78.58205090744369,71.85504891474622,6.667068950483998,107.62095634015245,0.39414993425629696,243.9650917226123,3.110151862614811,40.76391694809392,61.71745021685884,71.9769834054002,264.3467512634885,KHCO3,1.7804774730117545,83.13672936306092,77.99255724808472
S0461,3.232998688764993,0.8749403430444753,1.2051827233876284,90,0.022708122230463697,0.9431059944449155,0.5292661793895442,0.08835647283701904,30.501421802743575,79.5612325786029,71.22403906092391,10.658537797362944,27.342845120452665,0.8023219234827907,167.70345038237505,4.816865740654917,15.60556948066664,64.08967119112613,58.74506456307138,72.4922217848983,KOH,0.8158618253649288,90.58205983601547,79.95067592442118
S0462,13.334995740205208,0.9842426345073022,1.0362020611160305,161,0.0043332486431734,0.7493088731383808,4.3650969701485804,0.027061999469359665,50.50888425058034,72.01908876220553,61.43882231358001,6.776650221113878,107.47115491525985,0.7256800944427386,346.2741426895195,7.6296745449149235,35.31846837634835,51.487903876780734,73.78371504444256,324.4521837511847,KHCO3,0.99682070111291,72.58418642585544,77.38143134012596
S0463,15.174852706043042,0.770590679725873,1.8395900266966905,70,0.022248179252621483,0.7233598931579621,2.615715103485826,0.019416286904608226,48.83526308966778,73.89160681622035,56.93407981645316,9.558991782436209,129.59480310060144,0.9047270967588654,483.82599060730604,3.2244388741476353,54.340927076221625,54.92372076280968,82.92775511594354,233.0258467883443,H2O,2.6686678477846137,80.96093125604366,76.83225789260719
S0464,12.084006536846033,0.42358911434566043,0.9989573309826022,70,0.04219602137903814,0.8282232092938048,3.4984495452935422,0.0474434893620735,47.89526970410922,74.75935555395844,61.86168890541066,9.048533020117063,71.84679850012745,1.1861095741508518,32.147585893803836,3.582412715562545,16.80805406728826,61.939240562088855,62.23523968576097,192.4376675890864,H2O,0.9649457534918054,87.83008429203134,71.6030169107314
S0465,19.281278421016296,0.42714343225429946,1.9843944494983923,363,0.07620153144127985,0.45173920876776824,2.0542854592024824,0.0007334150836180276,69.15259987195749,61.030375177337895,52.745086744786704,17.969463566383418,87.87644414618299,1.8154656294196923,389.88513874539467,5.053773013500494,36.43359950015128,54.55680238310213,70.6118793599268,338.1847865719404,KOH,2.2639524016201826,61.99791638882953,62.425339370775184
S0466,8.122541010950378,0.7402064785730026,1.7043356659127404,37,0.019596442401239637,0.8077860872916547,2.802899045005243,0.0025809392863181736,32.91137597068958,82.83924924919361,71.94295399300071,6.377134712740256,72.20042594068673,0.84952079956026,370.0141203982196,9.144633590262895,30.073563189985542,52.15805433383778,71.44434574372607,246.47655299077687,H2O,2.9714791155406752,87.07625457534427,82.0224451100402
S0467,6.428529639355354,0.24638937431061933,0.4249359235710983,451,0.07225935388211392,0.017884760697996615,4.713295884833152,0.05532906396230001,37.629845616426365,77.88286365716989,71.56026863548689,11.839569251092032,59.06353862224306,1.9641492718519464,211.34674590837122,8.354203121157074,11.592583672265452,50.49870564438923,64.36051097379749,91.5894952039304,KHCO3,2.9994684861517658,85.60670296505252,82.39495602227571
S0468,17.503383435599744,0.1193693720000807,1.8618844771413934,52,0.08682641336683648,0.9253154448230368,0.4136701981183538,0.0520449404165286,49.39812347302859,68.6724315903186,55.752648005811736,13.005219557074629,124.42424208152667,1.5421532912972853,287.3111120548331,3.1550964059137048,36.87235689317079,55.60948990993962,77.710190798538,462.17771173055496,KOH,1.6470912699810611,73.33193868381103,71.34586777774658
S0469,5.2483209318696,0.3610759360643688,0.24156913179209744,178,0.04594073796272735,0.44887344442200355,1.2696888596184808,0.099458198903526,39.09447393348928,77.96636531762684,64.04444336270078,8.607034557506818,55.36033458502866,1.0718139888979281,170.76903777223794,6.511989716819443,19.917887058847743,58.045058730809416,59.43533749832634,400.32189475402055,KHCO3,2.4970118106796835,76.65520200351392,72.36541174392788
S0470,19.301228249371615,0.2943666017375409,1.6367249198974712,432,0.08232176717261674,0.5578463859870901,3.8999416345527216,0.020184183536375813,72.01603076287479,60.52126797357815,52.728283208871474,14.09005730668145,113.98264517062812,1.3236502305126938,480.2348706325504,4.922812457911917,51.89486106986537,53.82078732749578,78.26886543077858,75.3701860807486,H2O,2.9717246169714784,70.50896874218891,68.32200127026238
S0471,1.2309350191065105,0.3033450392514302,0.7674403540183944,95,0.05591107745547447,0.2623334264257335,0.49368603441332926,0.025810392916046844,29.90271403556958,81.6579793264566,73.11872099665241,5.1835704950453705,46.8056203031763,0.2942259251506945,391.68491201868136,7.540519613434441,23.27693904539606,59.244684316103466,70.39569380689838,286.278741585813,KHCO3,1.1865513805417485,90.63644835974645,80.40354504004932
S0472,19.42769770744514,0.24127167353941084,1.7571688976856883,186,0.06407199287100959,0.7451055245120172,0.37830551952055425,0.01135406423262867,66.87779438796794,61.50287099161642,45.454476791412624,14.135786597786938,52.48099349018285,1.7045909094959442,333.6456245622216,8.050877178154227,21.18422806627013,52.57696183193916,64.06010123716828,87.51990330438274,KOH,0.831987796703887,59.19479606666193,69.66924802451548
S0473,1.8200383270609461,0.05167225773999826,1.7374328133138262,26,0.05310156757348207,0.08586944841049632,1.8077069937701928,0.09175430096537447,14.357270064650054,86.0877654015265,77.98100888147926,-0.524049693884606,63.73995113503759,1.2064791646215351,253.73993309816152,9.040038039904978,22.098454457271345,52.146285906767616,64.85438922332393,426.7804365763182,KHCO3,0.4312767319423313,91.8516757651638,78.59898275405143
S0474,17.931719160263352,0.027695195386079674,1.6137915462340662,107,0.046854098958382835,0.8739094445213669,0.46083979236216155,0.07778112444584508,56.05827001796394,67.9762634758419,52.44474102742677,10.45757393994846,96.59032906119248,1.9735282123982434,196.0891000318173,6.3279136597281,17.936853363517073,50.36519138117465,68.53091703707796,325.8562824733873,H2O,0.5086089504120657,44.14293484236371,63.01962364629897
S0475,11.026321072639698,0.9878451658386712,1.5821605682510522,463,0.024230690735809086,0.8298356607162793,2.9253922110310153,0.08223391114568475,54.331657121714,69.87304399871665,62.97827341861134,17.5288496266064,79.07490149074034,1.3092146131304132,498.95979704475593,9.96115061981909,31.996186992621162,46.62663274648544,74.77092322131556,127.6021101078808,K2CO3,2.575313454499924,76.86552065932047,85.3780179881923
S0476,19.866331126266708,0.4334954023985037,0.6163114868051012,207,0.031016211886643563,0.22389951508231873,1.131376254082999,0.09027637879645088,73.80048812463838,62.66792755784234,46.595635660776374,11.741100460907994,116.86882527761665,1.6848120082060176,287.30237214713435,9.859902751009766,30.67281431369907,46.69511261918894,66.76690365939739,59.333604262790345,KOH,1.8072969618905148,57.57020354187002,64.0115286514007
S0477,2.4021347299725786,0.39048338068808486,0.17102937327199183,107,0.029707041775417296,0.8112311543024098,4.478489815996862,0.05248999867258383,23.44888231013969,85.81423380518382,76.91230049340771,3.1529709188957797,47.763749043705005,1.6195492113109555,315.82502930975346,9.175167071297231,16.459263863379267,50.21152032195139,62.315112753113176,64.21145546588927,KHCO3,2.6337566086382087,95.67179827043798,86.46441397083001
S0478,11.523231403625095,0.6828508098661391,0.8119305557426713,74,0.05676560416442766,0.7884941557308667,3.9175004042262835,0.04511931914507237,47.1305481633316,76.51720966722166,60.84504090293061,7.288498358595269,21.387397420348435,0.7563761877897107,326.87237640822275,7.024086466106496,18.466290199837214,61.344433972924655,62.66478192442459,278.3144624291734,KOH,2.3894197581932883,82.23382895116413,79.49374525688265
S0479,19.41674817676288,0.22607134898641354,0.3553137848231523,339,0.012875415609365101,0.6358944317764095,3.4985260304973806,0.033039147366561654,67.57195547562063,63.64445113877066,52.42037619354666,10.690604549806237,120.9524713320786,0.5932601879431021,285.5691531959986,5.786045062526705,43.701515106868214,55.625812038141426,70.83839050527459,380.4680654045482,KHCO3,2.0538594271392516,65.74404372048045,55.149300991371135
S0480,10.938859039232828,0.9504615721107231,1.392952666915899,350,0.09176237737953118,0.37978497513069065,3.0847201369225097,0.05892146143478555,59.70803718997928,68.82612971984484,63.086975170115046,16.229868184411156,126.81441340440942,0.917937808519869,175.97040295590153,5.550704170978495,31.34314977707298,55.25975285460901,73.15349945640628,104.37820310028161,K2CO3,1.867005356529896,65.0750345608364,69.71948932545286
S0481,12.958574124569989,0.7884815642713965,0.6987384558101932,14,0.07234485938302822,0.27878376664004917,4.317328651707316,0.04542783967898226,43.1605152105971,74.03382395046258,62.15788116156808,8.248511748442732,27.73242120409064,0.9877585543767905,98.59405093853965,3.084873250614214,10.515539612535097,66.36252768392046,61.97610524830351,149.5778296617309,H2O,0.24018282211646955,82.17033415766306,76.10175527021727
S0482,14.219225090707726,0.09851689228913692,1.9514642997112306,11,0.040743117460406174,0.23946575438645654,1.1153103077137843,0.04515655866055751,41.15040778155047,73.8024752450232,58.09335354275954,3.0502910495351467,99.41797788059155,0.5561609336796234,86.1662422856122,4.744221480696566,23.800815847387096,61.06094628899689,66.51515308779896,197.26697532628953,KHCO3,2.6295980684092575,79.24512980566828,79.41277665288878
S0483,9.63628023058769,0.42340496802707905,1.2855344339172108,31,0.01670379030811142,0.3254228731359711,4.365544213821138,0.0936927863731139,33.452454399289344,86.48507774474082,71.17097762507454,1.1142076427433278,69.16688190350013,1.7997359593668465,461.7536383041925,8.031657644644152,32.1481759543843,51.94296972638917,66.45375201533847,148.13455192751883,KHCO3,1.3117419788711715,99.94909331078638,89.95162149050346
S0484,12.923603521597204,0.880327124486543,1.6467363216323783,121,0.08831722480244196,0.9045228589982051,3.9474614921202615,0.09840315142791302,54.35088483181134,78.33334329422782,60.656617619847644,7.755075337003117,123.20643517528718,1.1308409383712275,157.41085871186147,7.225424699251466,29.66609152844779,54.88448005192711,67.9065964427874,226.1014532092214,K2CO3,1.7233818855070369,82.21025344053767,76.58929068791811
S0485,12.101971926538905,0.9452847020684962,0.2737240987562784,66,0.08255403092001536,0.08686436822889346,3.740804131938428,0.07964843893295809,51.542173735942086,71.6100731261735,59.02920444315722,14.626987933059034,133.6738920455422,1.9590443450917823,61.73350452376608,9.414955324172734,29.873418573377048,48.14671072774669,64.48943812187937,301.82675259428424,KOH,0.16366515544336008,66.41825768327485,68.70500278564953
S0486,18.12200219932879,0.47272749613737103,1.7254088197225188,75,0.07245043371900076,0.830582563490429,2.8062783903746205,0.07567580902469284,55.07347801668384,70.44634441416643,50.95292031937337,10.008559139362433,130.6304896836424,1.6390337782879003,484.584921816655,3.350155868415905,56.58514477239648,52.304189692116175,84.78944047710866,358.22153670858916,H2O,2.8146131554020823,69.07002292414688,67.36466457162945
S0487,1.8634812264876994,0.6172772753186007,1.8462868091216547,339,0.027883157693712995,0.35540117429140533,1.2312208048530005,0.06805581617791015,32.96549242081146,79.43631068545172,72.92153657566199,8.368973015383311,121.03655215561078,1.1558392347446975,117.81514213056936,4.086936222241315,25.633088027753384,58.256984679653286,68.90911906009443,483.6988319932528,KHCO3,2.7179473371668044,81.82109704309894,78.24728367334109
S0488,6.338300602252376,0.17536360663115447,0.9792532184496825,107,0.04084221710593323,0.5263834020512446,2.1177395799594816,0.01660748523335137,34.031227692112964,79.7847721922798,69.34620527062135,10.987087323528858,54.97678973648118,1.8993765284742825,386.33327228801176,8.52470652546491,20.947387971209594,51.31954299073082,67.33944050970752,468.8796513574375,KHCO3,1.6755062867625063,79.31103515877017,70.03383714372595
S0489,19.057818197454615,0.9912569398756068,1.216443346124445,153,0.011172076992789912,0.7965407773120058,3.967853272694008,0.0059105820875654524,69.56200538614823,68.51861018959573,56.078625424612696,10.888582793321842,125.54565366388117,1.0592621486810834,223.02666472528205,5.509553418367337,33.52649581480742,56.469544283018436,74.01175974656526,306.55713867301154,H2O,1.7742037361882366,64.03172551386689,66.22497208513448
S0490,17.91501189392741,0.23935498436960898,1.531971503796961,377,0.01971491294802564,0.8855327815527416,0.15889242178662222,0.06907263151132631,63.54413188160074,62.99270191438195,52.28615045409914,16.23757891597454,89.35220186781805,1.7855023737854738,102.0937463140464,3.8284173360251454,17.35914828958213,61.534167318464,66.14005043547608,380.36752540535963,K2CO3,2.144549915970117,53.096592302374034,62.572775091192916
S0491,9.657478302928546,0.9433044563937744,0.35792886824822095,444,0.07851864709435656,0.35133360587192053,3.9102538463187915,0.0728786222256576,60.898146829550306,64.46370172942339,63.984288388999765,15.248630090932197,26.858359928171808,0.7804750842720304,266.25415817498515,9.975153535700624,8.289729816222202,56.694124228893585,56.74078883319014,477.8924920814425,KOH,0.8676151996648351,50.85244013870223,60.67414914552245
S0492,12.782519358229198,0.6531501825024448,1.0101064921622505,134,0.0717888331662177,0.46722504646235924,1.2003537024378326,0.004697299109813979,51.56477617784169,69.325805365954,56.080913270065594,10.735132016335635,79.40205048677237,0.8194205284677787,38.44105084559633,8.510752118685541,12.391404819249496,55.05165149773167,57.155730897298554,87.56237504363217,H2O,0.7435553058685774,74.83825567184674,67.2034507122356
S0493,6.270242476641521,0.6116594269300706,0.803339425266903,176,0.05975509053461754,0.4203709041686243,0.7215460036080151,0.09280517502288482,40.19868529110516,73.26939781161319,67.73203375839967,11.27573036264742,142.48052921389913,0.8944482976447691,509.3956400321594,5.861187257306858,53.19165272034876,51.07475333769445,81.553626805932,52.53564193764311,KOH,2.054666545144735,90.82357920463222,86.61006384471975
S0494,4.574302034751465,0.5175616259063435,0.3012842444028757,95,0.08967694586669112,0.02311852316887144,0.5785065909015108,0.009114063944467754,40.82845969571243,73.14830772487863,65.0859350121847,4.395012568706642,135.42171546562184,1.1385887272921678,322.69383796485863,8.763432338622982,37.04073348220279,49.176618111809525,72.76996013830768,63.40989367831247,K2CO3,0.40282509386083365,89.69739097109016,80.33634709404897
S0495,9.810269693859661,0.2383631136005811,0.7413935003601476,85,0.058743385263491495,0.30298345997007003,0.13625005975407556,0.028590053377120242,46.534805346310904,72.96629612754506,57.43642408251818,10.78739936572218,33.294356529625084,1.1516315133777657,109.32120621753823,7.764227090834074,12.633628672385283,57.40088251615208,60.360854274329746,303.50721306783373,K2CO3,1.4167798136978043,68.39831318161963,75.59925389072343
S0496,7.713692332495004,0.1847627516854532,0.1456628956771322,353,0.047229831996397464,0.46459734139523623,2.6179324261072647,0.06723898127987045,48.3255720959942,76.56608383512663,64.06043563947331,6.48428344606717,116.73646914286813,1.04315795118646,165.07878148172128,8.529823316988832,25.44507541863682,52.91603651082439,65.74844983488566,393.2750413861404,H2O,1.529005229597361,69.30502253320095,67.6372023156111
S0497,12.08946612516657,0.2282813469794736,0.0613656948294791,433,0.034696703884270506,0.41698267279163537,1.0912993634686474,0.016987259440447634,56.2971927148902,65.8419258181058,52.457566525259985,13.528278090090382,124.75307257457051,0.6814018498080181,285.3458595189602,8.70644464295955,35.32518076979077,49.73287090789306,73.68832806971758,215.18372783526556,KHCO3,1.2058772330539873,59.67445683964535,68.07885928908092
S0498,2.476958102334712,0.194573879522812,0.2789809154180973,303,0.0941044020678811,0.7247099352405226,4.947158828898158,0.005541588844224444,31.036539808432213,82.20215352478677,72.34773560776632,4.941815955383566,55.28046447077942,1.8616922831025788,137.65554820486273,3.5931007830322255,17.791977541794097,62.64542681304333,61.778336484153286,295.35762862742837,K2CO3,0.6372777095234305,88.50335609215345,89.82649719592494
S0499,19.513501345657165,0.7817886288310858,1.926599072062456,453,0.009188830690910997,0.3909555810488922,2.8721837793610288,0.03311464891641498,75.81538091992404,61.46361063092934,56.33087718882249,17.85963283239038,81.309114196342,1.218313584963583,183.10152205561894,7.36081021381667,20.110834146934668,56.496847544818,65.46319410676469,282.36484334684155,K2CO3,1.1304171665435285,55.62915081065035,69.71813225673473
S0500,19.738004145112455,0.3566240065750628,1.1035637764310837,68,0.09315784983402003,0.49448268448096355,0.6894263467800521,0.07659715748551792,67.44686004961503,57.05502107316506,44.598685649853316,12.812438785389611,112.42843239027879,0.8747045107640303,334.5997716141,3.047498870837793,38.83880064522087,58.41227574198353,77.39478003633572,92.6469012164088,H2O,1.078916035325305,55.167760304844386,59.4147895247098
S0501,14.265072566375158,0.0672642497977624,1.9319861006949077,147,0.08284475133317082,0.43531250621103973,3.4438127040568265,0.041367867898526034,43.16503595399023,76.21686263153744,58.22874492144964,4.08096836825206,77.07539354674923,1.3372362254128747,504.58713743187974,3.3041937241081945,41.55618549980797,56.9882278654505,77.85756387361114,194.71471890082202,H2O,1.5478704564813761,89.80459021688246,73.14164038748319
S0502,11.185830960538288,0.9694116038394032,0.8706707778769627,108,0.01386306252903443,0.7432198874054268,4.488717832548627,0.06529729219079393,48.143668127213964,78.38621646340604,63.8725066588351,11.238872922963992,34.663599452655006,1.5591368398386298,259.04862084325487,9.327860063390887,18.273637073373287,50.174160259517684,59.72163672983772,58.74581983203589,H2O,2.056574440577706,78.0254738633693,83.208672541465
S0503,6.8810247094402275,0.8849480261137914,0.6305141048396665,201,0.05693345140985011,0.8643426749970929,3.725897476848072,0.05796190972281367,39.76024394899327,77.26990354716597,68.53563258019263,9.921434352369808,111.7647178086238,1.9253833676336618,438.6759059255225,6.692946049497639,39.517772389184536,46.96952038954431,74.21923040444574,99.81755996292989,K2CO3,2.9078818582258945,91.2683272897848,85.40868202999278
S0504,16.462105374432024,0.9284747603632608,1.0172223070520858,252,0.08678825019315961,0.536570188217439,0.3821993051972383,0.0022218482025580413,70.39922324433923,62.13876604214083,51.28205435349394,17.641791123003596,138.51302966558944,1.049143408308407,529.7100016725697,8.151313901079675,49.96756957648028,46.46639887158357,81.52214633625891,415.3362003094,KOH,0.5180734545055519,48.04741514365879,61.35158751323904
S0505,14.009892278523706,0.9949587444199709,0.8846282603794912,328,0.057609107197108225,0.7915378722532392,4.4794209059632975,0.09885399870457068,56.68656286573745,67.87165216730536,55.78935339831337,14.263738442644854,104.82301469280048,0.3129871696664417,153.29153596881233,8.869506933102022,27.119967001769588,57.54883069828656,69.07032936304422,423.2360737617435,K2CO3,2.6317496188291374,61.198887306843616,68.71853172814443
S0506,4.089721847552934,0.18215629672729242,0.2202727216808704,58,0.09081278233450162,0.3038188151996521,3.9696469292998238,0.004142808881938776,28.146261204611438,82.94874125282774,73.24157164372727,-1.8292912264430936,120.5940973139744,0.9374550227294285,490.09942312923124,9.647107372952096,44.33173404431247,47.921705105075276,74.8443396470156,410.87584402028136,H2O,0.924116201131761,88.89649826092875,79.9394633270731
S0507,18.307616505383006,0.40227959871363217,1.2852443662335105,457,0.0943553978647882,0.545955914055696,0.7915195005280717,0.0967802737648485,75.24798850583188,58.80079792513604,49.389115535918556,23.989793474819912,66.5871296355177,1.0100440667615955,461.71925304868563,9.085469935459571,40.43856950457273,55.09014146404593,72.34133102157371,377.06838842850647,KHCO3,1.8149810330040763,43.75150993489748,61.30448749474474
S0508,16.628207615540212,0.7606560909470504,0.43991598319410324,41,0.04281606769624629,0.3517776541332727,0.2589294436640843,0.054986417836439816,60.83980783920502,63.161129667105484,52.483930476336845,13.919975198868805,43.815771866462526,1.8042887485527803,233.45425983043694,6.383180140881057,13.045256595199035,57.488563184163546,61.120770176101466,406.99078087995576,KHCO3,1.6855371491532174,56.482536357865506,61.6093908770603
S0509,19.046198352546558,0.6990604118732543,1.242980030246681,400,0.03835405247922604,0.42005891631611203,2.7865528765715424,0.09631590270650665,68.23718178261353,65.60366363759064,50.24840458483034,15.378185217919835,103.56057601037803,0.8501214600796108,594.0263769154942,5.351792151663581,57.38865815821266,52.478108181275374,81.3334228495664,351.9420535712833,H2O,1.7151504140219627,60.434208623140464,63.57659743029284
S0510,14.78867065937884,0.16235694727645653,1.3039001738723253,286,0.09369579424294654,0.7350897261645419,0.7801790566998845,0.011475359941383545,59.28121015932169,65.36878270819466,57.19603502309699,15.432970431201346,62.61025675935846,1.911316103285563,179.6662517184955,4.081452653442267,22.304785973257175,62.22735867170819,65.5810180474645,351.4250024673299,KHCO3,2.1977399739845573,68.5632701158766,66.8228723975101
S0511,12.654888722780008,0.8176747937407116,0.31252945772600976,29,0.06783886605381714,0.8828458575093856,4.17295476297636,0.04904085191855132,47.535642532597,73.75712499422988,62.601686154608316,6.313906074135064,131.80955746867306,1.021750624657236,175.23786163806648,5.80225037741096,33.248771959643726,54.25474597558005,71.12594211528841,350.3128088713136,K2CO3,1.2068960866720881,70.54561776236737,75.67494140242496
S0512,8.946617689521759,0.23219616611829405,0.13208575795022964,163,0.012486245453468759,0.13028043717688775,1.7916732833583686,0.016950409186605866,44.052026734507955,71.74672058636588,60.99465586647747,3.524695384344435,35.94164649714085,1.950182951859965,470.18772385232273,5.565455054128144,27.174428332530685,53.75834329599339,69.03671207835093,281.3192553551919,KOH,1.0253898933868812,78.95855284639619,73.56738654763843
S0513,18.72184118372625,0.23157943867439684,1.5637155562761953,392,0.005186883173045439,0.6382928639225067,4.564462223682877,0.005097487702244241,63.623192782339565,72.23041906631565,56.62422317884925,11.000050838986562,76.35028096530608,0.11557681014882817,277.754671289118,6.9170238936911135,26.051587806158345,58.67485942502337,70.0229316650762,213.50625505918,K2CO3,2.5732202622378844,72.31223767862808,69.89153833430741
S0514,17.455213900507758,0.5416046786644795,0.9250028433009472,77,0.05689827604872905,0.5863223695020205,2.8284408607050286,0.06175291150623116,60.22845022201214,66.07102043184446,50.42724675549455,10.255695865339659,71.57458806089016,1.8077492121320586,218.55314702519465,7.658565861300494,17.665387629512196,56.13666038539936,58.807985520111735,378.5878697726997,H2O,0.7382756167953838,47.24654324458449,67.81419641489003
S0515,1.8591547320175987,0.5970105354932861,0.12574595305589684,375,0.09308692557840403,0.12723088878417257,0.9133619211983407,0.020778342096169147,43.097564197566804,71.95206032945558,71.30981234678092,15.748420089635832,141.94700096201086,1.8691288586923662,131.83779904328867,9.848278335115332,26.247414697250772,45.35417733559651,66.6310253029574,184.39070611403372,K2CO3,0.6227135082023149,70.50541123159486,74.17443885002312
S0516,1.500972515447788,0.584285345759433,1.9897839711678367,381,0.08458062153817603,0.219775387135708,0.6979943367990005,0.0587697018287546,38.27513977582014,81.44505793704965,77.7571902329276,13.591498195124817,39.90752407857251,1.9259397779539054,466.2394856326901,8.098703302705127,25.595182588868706,53.44652282786229,63.351631978550415,294.30595916492865,KHCO3,0.14526156630025655,84.93902153369484,84.67761565978192
S0517,8.152803970682942,0.10057196902377732,0.1249833163827696,223,0.06790892689996932,0.31789246978535346,2.8823621877887695,0.011236448194898564,44.70445295474152,76.03139430177113,65.36935638599903,6.081334763072768,21.280087251561422,0.12484541493176822,478.20342949756395,7.506239727100463,23.13833657816788,58.515254538531245,66.18873423461,245.0100290980466,K2CO3,0.7106755678846416,73.90769147420299,70.268599653784
S0518,16.400513284854824,0.8786862540040765,1.3931201054285207,152,0.014772469040217666,0.17526176010932645,3.8094180593122196,0.033198647143270275,59.94661158462247,71.30505263934636,61.62720716056999,10.741232271138164,50.951077664925286,0.42623158944558703,352.94148184118006,5.345647039878398,29.481812404243467,61.085906225039295,70.685057111788,174.4800246921655,KOH,1.6037411566184543,75.66116728824187,71.81478904870062
S0519,19.758246456983944,0.27294404216281903,1.9675210612741931,385,0.026168906991120865,0.2512921876990984,3.9075282387109107,0.07816325580532472,62.52650032588844,68.4429583577085,54.70150327218852,15.523572090650148,126.63599176992508,1.3421525558771488,575.6687595190825,3.241527135488282,56.76038769354999,53.28515655013881,86.21315391206649,488.6104642036085,KHCO3,1.6616757317409294,50.07141124752148,68.54537056686341
S0520,3.8579209309670355,0.13821977206997613,0.485968407389692,241,0.087675611428709,0.27492479087309046,1.3787870222064065,0.04370515218421877,38.60629795799457,74.89452916671642,68.64063995507514,6.92194509416533,47.211836086112214,0.14839811429670355,211.35306414091292,5.016875901982843,22.2712676575215,62.43739196269007,68.61548086537162,166.43824034081877,KOH,0.8378194244670495,85.86090137240546,82.3803274036201
S0521,12.288483591690568,0.8898605990702875,0.2930762436875204,222,0.01909791642903315,0.34231709470866906,1.0212337945608374,0.06277454148973365,57.824716978244496,66.06354185638413,62.37745167159051,15.488022703093307,51.31414828171275,0.2208570927353514,155.1828559232222,8.379135303217325,16.63064093128906,58.888421001083465,59.27837161559499,189.1818786753635,KOH,0.3095950931194795,56.9197518363251,67.03237430247415
S0522,8.236926275989408,0.9560949832474558,0.2515560294506335,88,0.028565501416793024,0.7518965482731474,0.08378152246191206,0.0647457940745546,49.93390212042636,69.19725005029747,64.41482194300067,13.597957050302927,36.886844589785404,0.5200498600175396,416.15605829264325,4.436903585626612,28.989149132042428,60.64949321437725,69.53066835344077,122.7143757911307,KOH,2.259458309401098,76.83183833703012,84.73631005798603
S0523,19.42837355847746,0.8635063410927961,0.6135175436595152,223,0.013830464468348753,0.5761930818120947,3.395995756005847,0.08437550439872937,64.97883640544505,65.3154524925278,47.08074715215866,14.241045291670376,113.00670642595026,1.07363556061338,462.2929252558317,7.985317355718801,44.962150972445514,49.71451042322506,76.9883050192113,420.34128139143075,K2CO3,2.2981285108306695,55.82166762386627,61.88670643950774
S0524,17.000259539578465,0.8114209139776293,0.21108116391118692,125,0.0679347149100267,0.9863842052318874,0.3828412921676949,0.03249227944066413,71.36340376618149,57.6027833515054,47.57620566233049,15.4762816509648,28.992644765704235,1.1372148626069343,158.19640321453875,7.058458897985911,8.869149137892851,58.360929901248085,60.93702782991461,313.96523024952023,K2CO3,2.9937255492455286,53.66919566074663,68.5997309842411
S0525,16.92824538951162,0.6586895608326315,1.3874010699713224,101,0.09445424823095776,0.4205884686977963,2.103806008829629,0.06872955625825176,58.16277690602059,68.57281983760915,51.93972991213069,12.943434537008534,63.05707930270781,0.16509613330765827,73.66813562883455,4.2029980882532545,20.069156804125797,63.611179102276424,64.98097240808991,325.86766541257356,K2CO3,2.7100857545506813,65.63324848658594,71.75778929071456
S0526,9.905170036104435,0.555348796903048,0.13396067827882477,279,0.02762783512794321,0.7563264230985558,3.0084108200914805,0.09616158070461657,51.84636809248141,74.62308347372151,63.342223702622974,9.44790155308671,56.72483446072539,0.42369777648490914,491.99439735423204,4.8313736440428094,38.986668102316685,57.95737782999193,73.52242683816971,419.25263530959404,K2CO3,2.7855799871011633,70.15013108167635,72.44481350423084
S0527,8.881570544415638,0.09611689231229603,1.0237500350180815,420,0.0480652541771573,0.8727537371627685,4.685544724598385,0.0730243334357868,44.328641126690975,77.72385871128964,68.68539606151134,10.765246705884447,92.17076487272013,1.0494407793358451,586.6061249782271,6.474125224405336,48.0240577202528,52.2522140303471,82.07185107149772,204.31384638344574,KHCO3,2.4147910946574314,79.9146771474791,78.57616554251938
S0528,6.194734366683418,0.41436868093999174,1.9934267391674239,390,0.06379963423140923,0.6821887081076615,1.5590106847788432,0.048987047671774454,39.14370616850195,77.1442632193233,70.9099700732539,11.583221405239074,114.95411445256562,1.2284871797924701,397.4632030612021,5.928622935754932,41.88179408677901,49.57415792704703,75.535669607837,137.13504142109622,K2CO3,1.8849582748092475,80.00691137754639,87.9614873858533
S0529,2.071134436367615,0.37896163184219084,1.6298008363169774,498,0.09994715857334745,0.41774609301332105,1.248860812232599,0.06307174444919293,43.416664393383066,77.03094121840482,71.0877677682956,12.341363049496064,89.27393651057716,0.38196322332380916,188.38413308201967,8.449946932827316,28.524402439271377,55.336116506608455,65.75718605628896,139.28241379725677,KHCO3,0.47278327705308043,83.5794160849973,77.43595315774284
S0530,17.42972514884601,0.26715624592272297,1.2342866820797116,177,0.01137599843475964,0.7560586844382954,3.2708007714304923,0.07396828977631081,54.78326373533258,69.77904430453741,53.086021992905415,7.759155200289326,141.03337908675877,0.8577986826992442,598.1033868750915,8.14083249780273,58.78183330596114,44.806425872427084,80.64286879590824,379.6789196580167,KOH,1.9047085626220455,71.18085668634777,75.97226314916237
S0531,16.445119173471475,0.7261859125516991,0.6194447053653572,67,0.05035850915106521,0.21163046639495803,3.096195160267908,0.061227576569387245,54.21790399755169,67.21554829146847,53.81841966235446,9.51298115991897,143.68754305535316,1.8183627293822096,539.1619826722342,7.0220215243111195,49.48514178114236,44.97456956162862,82.5880813101352,326.35181950810136,KHCO3,0.26227199520241723,67.73306305474054,72.25500905746229
S0532,19.99463579243648,0.500916977727983,1.2515527142203606,293,0.039126891870347506,0.3342766435283311,1.6605489165406229,0.0016675813489839153,70.67238290485419,59.77941402383202,45.23489873450306,16.284436015225836,66.990492704807,1.9979086453877268,322.6269683797675,8.755922980310476,20.840879862725952,49.74133200720317,65.80144329205827,142.85249536194,H2O,2.667367422686458,52.37465742031473,61.78109320648044
S0533,19.9360999044042,0.09023575374857144,1.0588125131841868,35,0.08671619635701316,0.5512184025482959,4.640509177548933,0.019477349768722587,55.40985701631595,72.33183699756711,50.34968439410069,3.68505437255796,121.09844891573606,1.9757074641791683,500.4331323598452,6.9386867847901605,45.31519025330206,47.94749346873782,75.83448886517961,115.2794275881906,K2CO3,1.4972818727011727,68.59580356391749,74.64597766523023
S0534,11.553202406449921,0.22798136993031323,0.8579059339418392,378,0.04812080537015394,0.5796552934132868,4.224311637448164,0.0810468217215466,50.206885185010606,74.24216072168409,65.5807416643056,8.912570995409673,116.04417982486466,1.7751815695450575,495.0176982598911,9.75072479660082,42.056017813859754,44.508572283859266,77.63919875399773,104.30928732288776,H2O,2.122671212729821,79.1212799950179,74.16759930600507
S0535,15.610760888429699,0.6864261760229999,0.27011364971299695,456,0.011986774933929661,0.03192006071790316,1.1199127293254056,0.02726506473124847,68.81797728968586,62.614401691225765,49.00193942978963,19.060288719769368,136.08539692162753,0.8498541671048969,562.8354127138947,4.52056869405757,59.07263984434476,53.14184299019143,84.37493682337333,332.509391466367,KHCO3,0.2515066247182956,54.26936861077722,64.36423390901878
S0536,18.950548867766134,0.08536955089539718,1.7743423883285288,75,0.06380799038337179,0.9456630468684486,1.1957127271726158,0.0731562119561134,56.77974811262602,69.47138522242253,53.895595338327134,11.355224441302987,78.23267322700143,1.40449115494209,509.32659095087223,7.998923955215069,34.660108884833434,51.3054275643979,74.18754536049498,50.0533902098825,K2CO3,1.6493204264761936,68.70226667850874,81.00768904415766
S0537,17.14330042287082,0.852694844908281,0.9050714511544318,418,0.0773072812081241,0.6996609985052161,2.561501734435403,0.03721202152416987,74.90503927804761,63.471684793408805,55.33714401202953,19.539933560682723,88.96151433571299,0.8915252327899774,396.89716449558375,5.589608924381276,37.552043151237854,52.440531170102396,74.67816800914012,58.24370417159468,H2O,0.9736638537747513,54.25415946860407,60.41535978239002
S0538,5.699613933120755,0.5001950617438345,0.3972987985233225,257,0.0012852439148958446,0.5007467127295722,3.8678605086536018,0.05218843281579432,35.938586332113324,80.34420603987398,68.99428590100995,5.357786645525211,74.05066076560462,1.3322013509659854,377.3031198052092,4.952763360941358,31.922249436214667,54.59972244751579,67.6631676904818,225.29891103174288,K2CO3,0.9264079706380124,90.63590546375221,82.86682212724854
S0539,9.560338570891776,0.48578071155338154,0.7418411082458063,263,0.08603671185664233,0.9337959620642253,0.22020189694232195,0.0067973299819403706,54.55086461652718,65.6707554309632,59.28825682731228,15.423944831506635,130.54899950896174,0.687921694842018,296.3936543490187,4.26271233177399,46.66149929892046,55.6973013415252,78.63265865260378,361.1074389242731,KHCO3,1.2300021526392293,65.56078558305033,70.01320741330643
S0540,3.4540288878784047,0.5964837068129224,0.8341182075325648,396,0.019416277000560898,0.4447046095983202,3.466675768673533,0.018122556104970957,36.41480070922718,79.98309124923452,74.90649760099397,10.517117178209135,49.861300997077464,1.2517842818596308,387.0968147833317,6.867524333830807,23.2153033480556,55.72143442616933,68.50962551978294,362.76771942383175,H2O,0.10185443649555122,84.81001097755124,67.26659714198755
S0541,19.126969517915725,0.8264341562658977,1.65680041217808,465,0.05565486710068441,0.980631214567668,3.241179486910485,0.09571969635192346,71.9185888906578,63.52154723247932,51.34681868542889,17.353732640026486,51.16218017151781,1.0951411434504148,483.2734543223182,4.508286029244479,34.758073991606835,56.27717969999044,69.7851956901566,243.55322312346078,KHCO3,1.4533165569885031,66.34469776295782,62.06931898642268
S0542,12.51731805456672,0.3543311158231711,1.46989261731719,53,0.042163952568057564,0.5171619096710502,1.157400479564941,0.0890138053446914,40.46669680037265,71.11345206189606,57.769392419021806,5.402765960277329,68.43866346502037,0.1465125050450799,582.3514469924554,4.402455960138841,44.7767436395892,60.739550923775,83.33933071759148,360.9831229720563,H2O,1.5110433824630212,67.99940206254331,71.068514789362
S0543,5.344213304565792,0.6812359910334729,1.5409167383462663,106,0.07224572784444251,0.12314291229799966,3.406765066206744,0.06522751108990503,29.736825760763715,84.98857820973289,72.10259114324293,9.18553784247364,49.944568173305655,1.6023355171176161,296.35379416380846,9.933723335586725,22.462616306621364,53.75733105039059,62.00226526216705,284.4932808110565,KOH,2.603079655933286,90.8420484591538,88.7471338196232
S0544,13.762313003711277,0.5700746443558331,0.03195221621300796,51,0.037744999863788445,0.7671529627346845,4.700915956260413,0.04596445973857374,51.68019697496964,76.85202262431535,54.18688384803279,5.853594649899538,92.9308887339397,0.12260588126579568,356.9823257035915,8.612231917920326,39.03191266586812,50.41915199872509,74.54096553010523,489.6191375587919,KOH,1.4007242628591992,71.64386608101552,75.85298891004214
S0545,12.74443656870002,0.2743579874677271,0.8381464563777254,236,0.08710655449148937,0.6821087478270621,0.2339292248588426,0.06757612928952238,56.90735431901353,64.00292783046015,53.466289526515936,13.213383846585751,37.4837138444153,0.6569962902812733,283.53913218350556,8.237937741780627,13.012674440946121,58.31271337538782,59.5795381114773,123.10709622657488,KOH,1.1543132522162514,68.86617119702109,64.15897612734386
S0546,7.805091642623969,0.8798436864916064,0.967874861754294,271,0.07331913973492024,0.7752568540925309,1.5982602764603127,0.061861028909393906,50.179236696541906,70.56621706777533,64.58557371611072,14.24925355417455,61.62420852252719,0.1112557243626045,411.0385139605403,8.558424381179284,29.05002024001598,55.25815915601214,69.49689236138879,320.3002704675225,KOH,2.984766448951144,80.19506884648912,79.27376064540252
S0547,3.1575942517929514,0.7994517613908588,0.04819263087788281,176,0.06512360393522923,0.9519276084384243,2.190883583331776,0.056855225560461214,35.35000410767812,76.0892898219659,71.27066346293232,8.000964971111834,138.7478108018267,0.8147826852608765,389.05468731491794,9.782460116031197,46.493198408560744,49.352592213242886,77.80160106457244,271.05744917795164,KOH,1.7565186413472393,91.29830643364186,84.40660514318557
S0548,13.759890716263193,0.6618673163118413,0.5270282854026181,445,0.07982781896072258,0.778724409624508,4.496301794623448,0.0059177071863541824,67.18041553548669,69.38889198319586,57.74073233104833,14.790659550614889,73.19931242493348,0.2200050035118647,40.16526041036528,7.012936821272424,16.354542686952172,57.587466773809204,58.64535213847788,137.50985509596248,KHCO3,1.4705783050390044,72.39903848982303,72.86837626195168
S0549,10.885846317172073,0.8520759118032994,1.5229767480130487,288,0.07564828045790985,0.6152232361944804,4.811307233045784,0.06328026106615069,40.74708221572904,77.37596772883539,65.6410094000007,8.885089973019529,117.2703831441562,1.8356708369793584,338.4620886873753,4.541707141820024,40.55693831791472,57.355841361326235,73.89476859729376,387.49569446376654,KOH,1.5382139201903005,81.86525271889572,80.15611149430369
S0550,15.674049442977147,0.8686212589502044,0.2828483144007081,98,0.004557928817233781,0.8587358133372325,2.2205762324816614,0.07689200445711684,60.38660279744712,67.58595714418166,50.14465456565635,12.777944360547728,34.75008492185462,0.8897906608094504,80.43753054843799,9.035467485272672,5.211212896184475,56.945767982810914,56.14461053000581,173.97860896939787,KHCO3,2.446625762775535,62.005172153461345,73.1489744237097
S0551,10.883106521127875,0.7112793469478844,1.0752671615906575,388,0.040078701030637987,0.6765139749609862,3.7501420607109557,0.09940816546455755,55.386313216611335,73.61743105591633,65.60190351947328,12.859937970073497,52.183386058432006,0.9730419722423791,45.03866226315686,8.199115106178631,10.067526873457254,59.47229809797774,53.059668426917064,221.76941859209373,KOH,1.0879614700134665,83.89179993021858,80.32218106101791
S0552,17.19144850605226,0.8386431950800353,0.4382517253143026,187,0.0931499224343325,0.41403786625766387,2.658305118822415,0.0011078552594309676,74.81730988068652,61.237439707464596,52.57008186145859,15.344776265106878,124.95493075604791,0.7647154485726242,480.982382388278,5.900158186339212,52.65566834990172,50.68665804093344,78.02567371314368,218.6737563143885,K2CO3,1.2285653417892424,60.02358138881099,60.168337110207844
S0553,11.486229936715226,0.7004967470525908,0.03412034154134761,436,0.013446702630230397,0.8867635665993555,2.6889146737068828,0.07301734533106767,58.910461276436806,68.08998232788912,59.841544287870484,12.746326696522852,119.18908171766023,1.292261692983356,177.4304214308013,6.314986490022525,29.543784858042642,53.33514471558444,72.16914405657424,159.89201293457694,KOH,2.2920327420786495,72.07327996558249,75.2448755598632
S0554,11.65782145917234,0.6833393640426975,0.48999090062308753,412,0.07397255849277308,0.22968145617652913,1.390497575331782,0.05717893159359805,58.78088176979727,64.70061781768622,59.45112735495975,18.57257848332751,70.20026941719675,1.5903754215745871,224.17339405376057,5.878766789352083,18.256125796263202,53.39872905309643,65.34826549542606,243.81739926428233,K2CO3,0.3116528448799315,55.25242485154046,65.5651516101967
S0555,17.656418450508557,0.6224252644330325,1.951988772271007,206,0.09748458932219764,0.717494862159637,1.0847812293193977,0.043405217608095674,70.03212312053462,63.35906028124017,53.22858082768418,14.705028423340613,144.07159726435165,1.331478811793058,66.52821493431773,9.509595121603029,21.0959121291815,51.81925245255011,67.89142170805853,263.00564641742824,KHCO3,2.6089905586154503,59.91457105508747,63.57115141526592
S0556,8.666174458035544,0.7551894731620649,1.6050588526471492,316,0.006167664275452192,0.8827478203913494,1.4400267296202056,0.012757017457137088,46.9996469435856,69.76938861159384,64.31947767823493,11.688813552262548,138.3835920584909,1.5215935249507424,132.31514848177986,5.404721280488059,32.20515196525565,53.35595059262994,70.95577308979249,384.8997527641884,KOH,1.347587819757113,76.92971815355543,71.7674341997027
S0557,3.546289340562174,0.16701905424014296,1.9195575221988566,276,0.06853719418203444,0.7340033545062633,2.7816400362853964,0.04090851486348762,26.83900706613986,83.23883878366925,77.04745436525342,5.892399957094175,145.09909738459118,1.821349960667595,466.39474640694164,9.744389950593208,41.23519864873877,42.6219285633558,81.29531111050782,394.2808584696667,H2O,1.7857496289663803,85.89879769828978,79.38028484471513
S0558,1.5468708499534405,0.8820620516069392,0.9808295474134613,277,0.047347259988802015,0.7003026648633184,0.14577593011044498,0.03543771829861353,34.18676637490027,76.09970855720292,72.57898218077023,18.36021136500444,75.6289097244121,1.7407384101757146,311.31257323259393,9.37190239877765,24.33038165104214,55.05987010768196,65.50856877290718,121.35018573124793,KHCO3,2.2966808618535217,84.99783879688025,76.19248517266519
S0559,15.347607857798762,0.8731250924677797,0.22837503536823198,83,0.058338350282097495,0.7551119111311176,4.536244721782029,0.03028298889787422,54.68737186213933,67.7820913532407,56.15066638922026,8.966281081765073,45.6715658791388,1.380711060232022,531.9810236535845,7.413647995737214,31.36160241604486,55.24858347757201,73.20971961495813,316.7475346973894,KOH,0.8715505750740999,69.56437245952827,74.2338484650068
S0560,12.78588147571583,0.038954810204213555,1.1004393830576489,17,0.00944879231194816,0.47040469581763794,0.7814185477488811,0.07308796233222077,44.749395870310956,73.58830982006687,57.55116946448808,-0.33702471913198107,101.46562308187433,0.5078121295184144,256.428014936096,7.058752411700523,38.071209393359815,54.037639193684285,70.23672823041923,453.28900922572797,KHCO3,2.681911204129888,79.70485193252172,73.69785835885327
S0561,14.377515593885247,0.827558583059115,0.9142108957743221,417,0.0052576882348270085,0.8754289753354557,1.1004433843569328,0.07007255212842638,67.88306797016087,63.667864906055044,55.23476515709244,17.084948369816505,109.0205105762958,1.3116354169796647,183.1594193799329,5.590624960489796,30.26540158607646,54.403238435285246,69.56343862548012,98.95397399805236,H2O,2.9397524195441713,63.32510631666289,72.36409579951429
S0562,5.046319068669304,0.13758116879871077,1.6902705946518357,485,0.06701979939454125,0.2114021103847303,2.591380882238232,0.05890200909809116,38.117169161191974,76.76198568902892,71.58090152239745,11.904497494400573,36.3074319785676,1.0615578819069706,228.13189424143104,3.128368723074549,19.0336460151551,64.51972540702849,66.76387562466424,262.8113200403624,KOH,1.5333956480777613,82.8985137321308,79.97161813048943
S0563,3.5910580361486257,0.3417676657165505,0.20518433576064674,306,0.08250763355225108,0.1361125518403359,3.5505738316863966,0.09386648132933723,32.37761636634903,80.2623344881024,72.5973440446809,4.5112127093359895,122.24279445846777,1.4627165389197982,436.27992230463553,3.893362303664273,42.66199650542074,55.030942805216114,81.1856509412653,387.65890508375423,H2O,2.817118358594753,86.17013897372243,78.33837596430403
S0564,1.2763486476897565,0.7460731737286918,0.9815998626733385,173,0.07841951815836376,0.29265369231732646,0.4786452737219865,0.03498543841808545,29.51154539119851,77.53169279632664,71.17344546160467,12.176196119002542,22.347828568794867,1.6825701319465383,346.35323323065705,8.27961926344684,11.360209297631165,58.814366928685516,60.95785972618053,325.1711004720545,KOH,0.10327300532825001,75.63354579187403,74.63365347636004
S0565,7.661163617325343,0.16915229708782514,0.30859684274102867,494,0.0548367670587575,0.5362616228072432,1.5884734877358109,0.024380193771017956,47.43081105245909,70.05956417897471,62.16472978785124,13.489218387998955,82.75469037198184,1.5111708446541932,545.3889883048839,6.300780886117156,44.084351325642814,48.47736283313723,75.99593470955746,95.26354546848074,K2CO3,2.693289705943032,76.7853398348153,76.32588358467628
S0566,12.208436050238028,0.8197873538778716,0.6561050945112193,94,0.01088681529248164,0.5154561774552447,4.8433730278717855,0.06559033130983996,44.103510149415975,78.23657084417522,63.34780625934598,7.502537938218709,63.032113734336335,1.708466222926442,373.2361985516635,4.048866939315777,29.218306901486898,59.02826369225803,71.49781197594662,228.47275640793757,KHCO3,1.002031427278786,77.70409113079977,75.08873855280454
S0567,8.452636856894914,0.8338128361781645,1.4773405840017213,81,0.06911639993976537,0.8223927700998208,1.3117148339047286,0.019881406093740298,40.70057341012543,75.71536920643047,64.84777086278116,9.549490525079928,116.23939778688093,0.22134610934794532,311.0203788344568,4.847725978923097,49.332647910137766,59.050927185805065,77.80691855733724,278.2577741975888,H2O,1.0033367317100457,72.52472923438201,78.34565672420015
S0568,9.312023518450852,0.5123930564232279,0.9572760774438454,64,0.02494699947186045,0.4105229698399772,1.5652507253157344,0.031501050718342465,36.50979560730434,77.29489583045519,64.98598912695472,5.618738870772276,60.65889456483607,0.1600780726511815,477.87905261543773,9.634858298928998,33.33258808136202,51.514804076169796,68.98771093392054,498.1305207723228,KHCO3,0.7614577078328242,80.84138158403024,77.35301957007982
S0569,18.17901519538122,0.016322012999665243,0.758017687440081,402,0.09119580157397099,0.48950098202859355,4.182492453090168,0.022460244007488486,68.95441590875178,67.20869478519808,54.12956835255041,12.65318264700716,127.48492466153427,0.5911510786292284,570.0942949180637,5.5699298471718555,57.126490634396426,50.795617433724786,84.76474575138292,130.37355919564374,H2O,1.0193403133376155,67.91454402181635,70.07794982090235
S0570,7.6168538734427065,0.2941677518431637,0.7950077943543703,56,0.0839882705950248,0.02323400642680168,0.25107215845227626,0.006915356771850123,37.86370928590007,72.59267529980741,62.360953274185526,8.017945860127139,97.34395354150537,1.8112655598063938,232.83216940963322,9.353773616534074,19.91005360658184,46.4432043290572,65.1769165331239,492.0906952220506,KHCO3,0.7191052927260417,69.19335967975533,67.81731366700085
S0571,10.765800294036405,0.6207576491919848,0.9242990691279134,408,0.0712289137416517,0.4156418440785097,2.323065844044854,0.08274987416356734,58.79776703179655,67.98272575115355,62.99163918645441,15.04293102960157,123.20613702906937,1.6649525768695503,172.42943979432226,5.132450826055037,34.12370090773365,53.47006222308539,68.1440707149399,219.26740290324975,KHCO3,2.7270204082989182,77.89122383296971,75.38291990786473
S0572,15.889407242081719,0.9813743162471492,1.5721829222357433,441,0.09493574962728192,0.6512964906208387,1.8980838222583514,0.025454054292166118,73.72069544026822,60.15557903646833,58.04293308485569,24.80452660538266,148.6142829191511,1.3971818658110922,381.24391588765934,6.802540660570126,44.491491002888985,49.1500038511835,79.86011968478037,140.14421873321962,KHCO3,2.7071688089187624,62.99584561233683,67.1020302039831
S0573,8.534312864104134,0.6354953917465017,1.7852485309910664,247,0.00411076032961602,0.02535324732032626,1.5829337995432557,0.04730275033430207,42.65354216934627,75.77222979431441,66.95151328322808,11.742953811245869,108.29058494666239,1.4314414681354604,314.35750805771215,3.1433395835353855,40.22111822450375,60.17065875115048,76.0188121656883,236.34908695579819,K2CO3,0.39641281326980526,77.18537812185896,79.15640296966257
S0574,12.819647304329596,0.2672055452535182,1.9111160261428173,113,0.07388384208101544,0.28807314553438135,1.4284979702238227,0.004331527325431195,53.276690104955776,75.53228578353801,61.49342808446923,5.056684743885679,148.04354112701373,1.480673891590604,593.8357776729265,6.653125772615038,61.20160151613564,49.53290547355516,88.9986205361423,326.29780581566774,KOH,0.5142894437128281,84.11392855597808,75.41072570810327
S0575,17.38491046618816,0.6376656460686152,1.5759377386480373,219,0.03369403515430413,0.21587679569649604,0.456870524302046,0.06993394662526431,61.07864200263296,63.18791889604622,51.490485074182715,17.58649908154718,23.748722499821696,1.8909451309210192,293.546216964208,7.458594074274412,13.156240811915586,54.33290069435393,59.93714010988931,146.07382725994813,K2CO3,2.599854053130933,68.06872956352605,72.55674776966886
S0576,19.0408918494952,0.5445855259186969,0.6376597225385453,51,0.09070052268295016,0.05156557462049235,1.5741291467582441,0.03305610023062908,70.71768663590164,64.56152229862407,50.684403514416275,13.843412891678538,63.958198502895094,1.6811631893843595,72.36898427539714,4.640135695360245,18.510604417523197,63.33513227577698,63.308115138578394,181.1475874859575,KHCO3,1.2569195355309633,55.115201171188154,57.45224935832276
S0577,3.794396137651721,0.7820469411996321,1.3793880651122188,325,0.027400844469535782,0.4844674890153921,0.21526201357834285,0.074473672782921,38.08877816499755,73.0704479308682,68.95737154348043,16.251438553745395,34.02092439310019,1.2844417353513904,587.1003646432524,7.052560233437499,31.588761091145038,50.295207764495046,72.68367588792495,434.5459257808804,H2O,0.590887864283907,73.6248274722096,60.08099082623801
S0578,18.605164878068393,0.11591083243868881,0.8808302168702299,477,0.0727607934321867,0.18990606029587495,3.9048193182221764,0.041240306046786614,77.54951959439202,65.25569938393231,53.34154790285343,11.948596591054754,54.09964107997714,1.364859326988567,510.84455898831783,7.530174404356899,37.920194460956516,51.71165553626984,74.72279735052071,499.55425775099053,KHCO3,1.580941267066045,50.52489100979545,65.75214612667176
S0579,10.350209568511225,0.7634176234770077,0.5167945378716419,463,0.08788705494542737,0.7456507242350663,1.9911389697900583,0.019575560640562463,61.23815748487276,68.40042478583416,66.226713109809,18.69197381605981,129.0554268863507,0.5061064979161317,131.60258205603913,7.808202548672296,26.8113768745749,53.36733936106509,67.33318671001237,193.1777111742919,KOH,1.3083373447682756,74.32176972001146,72.32365155397778
S0580,5.906643377680209,0.5458539128893491,1.683334443057586,277,0.00512402501988556,0.8494486049257151,2.2195191615995578,0.05131750822820359,33.40021113337198,80.36604592018172,71.34355359625094,8.750840691901578,24.20202449239174,1.3489057677969178,545.6249942743356,8.434823254154722,29.675663819651984,53.924402485855815,66.77281914626467,116.98556177747312,K2CO3,0.735568505840099,89.00779743729835,87.15841223810776
S0581,9.723579368526964,0.9633620838204047,0.08646843443502673,395,0.040367110379611576,0.5501293308424563,4.467972932250658,0.01305045596374398,57.26313217876509,68.36794188328913,63.10601134077986,10.965288110688029,87.62378164521118,0.9068901235950712,224.18008786839442,5.179374700505916,27.94329183421108,58.3887824918629,67.40875975403101,406.9268689973187,KOH,2.1901814330051397,66.79130184776582,70.86528692126707
S0582,19.620618930424065,0.3484534443782992,1.8045063643494927,272,0.07646859417017193,0.9818902690959301,3.290274919306104,0.04405391598729948,64.99599746858043,68.28899602864422,51.783243555194666,14.673725888096197,93.7267319792085,0.3906275541509131,244.95383118463337,6.974438695023148,28.20230426109288,57.18774064676856,69.70796368403214,320.2050592738153,H2O,1.9307390057649196,57.94231488923881,72.0624866794893
S0583,10.359743785864522,0.6362956742026087,0.928340154603221,345,0.046036970061251126,0.45597378575588937,0.040295516710598944,0.031730547742048656,55.12119029912539,67.29729325277657,59.53721228084911,16.151393181671935,92.94964906735429,1.6321653565684913,546.6431449464308,9.871053208352162,35.10223799309643,45.655109412628555,71.0757066722409,95.1805145190205,KOH,0.3890186793107776,65.0790018107432,71.40576121400268
S0584,7.246280595462656,0.9327078244549173,1.278030938848478,396,0.02745801034956594,0.5182345281226663,4.715874114806425,0.09119595841996332,39.384999781036754,78.75836502320088,72.15621882693031,13.293028888753229,81.78861959702324,1.0694694896259767,332.16587207012975,9.2870091946561,27.27038715837736,53.461197863007946,64.37666138039538,476.04716664620946,K2CO3,2.7836214715434933,72.23699308057351,79.51854362908887
S0585,13.03461623201779,0.11148463071077246,1.3221143051895077,374,0.022760729533495814,0.9893255764181726,1.1857223298885562,0.006092872172071995,60.02674608534815,69.61601205442373,58.506821991311995,10.80171681068563,122.77838542006819,1.957107579209901,108.5248697571562,9.668657996688566,20.893242370371325,50.02486151461089,58.71593756945529,85.12228777995139,H2O,1.7195629006172004,57.85139887929505,68.46213339652748
S0586,5.562766756785669,0.9378562023640866,1.7912843040060074,268,0.014020308424721413,0.23923295160539834,0.5380709237992942,0.0694017414105742,36.54688993116919,73.32493344275818,67.68070992179624,10.786350811007898,37.36060163572165,0.6351907735015974,240.3620108248283,5.7029547897,18.90617718961322,60.91946985234332,59.88873187262743,331.4103807351385,KOH,0.8255930124842712,73.42243241853167,74.24510609155594
S0587,2.4414032340646146,0.6910068650778052,1.2769726675127426,292,0.08585582642577194,0.9431204802801362,3.8406408919044113,0.01827511659874359,32.649141903902596,82.36110855748798,74.82724769229677,7.639767134321647,60.37501202160235,1.0132732133796458,441.595544372692,8.508496741276632,32.548191101315496,54.56516120928749,70.56553054530742,240.77176515211164,K2CO3,0.6982462637098541,103.80435365673625,76.34623295803351
S0588,3.4487147163023355,0.07715868851412018,1.231727833672523,123,0.057960184921904044,0.05240917956792211,2.502386579333591,0.03190450743322398,27.864412921165265,85.95262322949445,73.3117359718698,2.596808010213788,100.04438694787245,0.9511913638708495,129.28498719876953,7.3392856623224345,20.958490857755173,59.66329397760958,64.63576815443236,300.4807632079711,K2CO3,0.4942491459793845,95.5843544993316,87.6749804097571
S0589,3.4328709401976765,0.3079539312773481,0.14263756071577302,372,0.008562109554154143,0.45192302136056284,2.1688528300900876,0.0415514063062066,40.012697935535215,78.82178210770884,70.20946044295522,6.869769643855561,109.82367761483425,0.32948109262189956,366.4317825216245,3.5791455814356876,49.73015295854411,57.09205227970164,76.33499801554831,145.946388047065,KHCO3,1.3314484785320173,100.18074875796277,85.62149863810193
S0590,3.8861511767335926,0.7110903677588287,1.0416319636709561,49,0.03887545203349291,0.07930347701173511,1.2475153984137088,0.09080150893749743,28.070305856013654,81.11188712502437,71.36211268535065,0.5226679627390363,72.53929613101732,0.909619029778481,426.3062557783176,8.767862724099459,30.59830279982528,55.484978117581626,68.77228829770264,359.64967966279323,KOH,0.49306893796342666,88.7038136352075,83.33477600889154
S0591,3.6377162803387924,0.07667709545408398,0.3088363116259129,495,0.037405631429705884,0.7319423954845066,2.737357449311593,0.024257826607382516,38.20250599587637,74.67049036338247,72.73732945500899,9.52563471335661,133.7982642325403,0.6463515671997573,225.99653805927022,7.739708934501552,38.3485454453899,51.07771188095955,71.34485208765821,481.87386011000285,H2O,1.305867596526156,72.88089730456184,67.71551032622197
S0592,13.176620151261078,0.5863487555745105,1.4774931997557563,426,0.018992179880236836,0.6123248465212175,1.3719230260129374,0.009130880254467023,59.409726487430625,64.46899851859634,64.05199318370727,17.08896286843681,74.01414157046887,0.4046088955971754,425.5119925637437,4.392421516606868,38.99220431035926,61.81184788062138,73.7356147319885,256.2916433202121,KHCO3,0.5314342418789413,74.39470613802378,76.26189143674085
S0593,4.4557216035837515,0.3524242263834272,1.0293216224172221,229,0.04411525492174688,0.7095679208329204,4.507915026435338,0.03186896039905236,24.641850361945657,84.15489215647565,70.61486048472958,4.588716871511836,72.3608974652833,0.6360956096686645,533.9981905427117,3.558169902006229,43.998114181965605,57.219026993431335,82.29677474362664,285.33122490570224,KOH,2.004741812419279,99.43802282959459,89.02617232790014
S0594,7.567678383153401,0.6247063625898024,1.363653280624623,138,0.03387783717392051,0.3807355959683368,1.0760223986659638,0.010467597053553336,42.65192900001175,75.57251553142531,67.2066039419939,8.665821188811412,24.706943993360042,0.5431782134061448,299.1065442129473,8.859154914538315,15.740589753517053,59.33771331780678,64.52478880859535,157.9152517559966,KOH,2.377201862890439,81.22065324521145,85.5703610862635
S0595,18.038979788214224,0.05528461347438772,0.09292907219874469,17,0.03483856684372607,0.3757871146910665,4.4217757522787675,0.012859648596055252,55.52805762123616,71.86343769070668,52.4619114820683,1.3456198543613151,91.6483737053154,1.4947397089111683,248.2583170624778,3.5523128064384073,27.903171827060337,58.609924336426275,74.01478412153105,451.3405926879865,H2O,1.693615967816,70.23190124930655,68.16461170312031
S0596,10.005271164994575,0.8728214380908526,0.1787361119311484,110,0.07416362922100792,0.05486608617128566,2.7970271286367847,0.05738505979750267,54.64241540484781,70.84531353479744,58.0709935185922,12.92521574502781,112.12850900654766,0.1584728386924042,173.16028877422286,3.6394770575650566,33.58224075464516,57.375061696837626,73.91506741050404,487.0284823129812,KHCO3,2.072164937079202,71.553449248059,64.94569633919637
S0597,13.683597031899517,0.973754079485623,1.4354835422447376,425,0.023103075165014437,0.3564454901343434,4.142440669476205,0.0060901933099493325,58.20550077247603,70.91364222875517,63.61456655317848,12.025926947591802,34.87696125719025,1.2731792210351205,374.3971235220834,5.991858015330207,19.089561874646428,61.92458850218592,66.9637740383278,403.83359828872443,KHCO3,2.8212983375437766,62.30220162177078,76.60299180376273
S0598,4.274077552830967,0.9691890767328346,0.15344782863736,389,0.0645441359266802,0.9299955182394388,3.564229979304775,0.0030930881393566034,49.28692337387849,75.09412116463078,71.4886438602322,12.111521536063472,59.70625959142321,1.5452565498448523,531.5156673820682,3.9435847989363397,37.056266189370476,54.66166822877009,74.01930690813813,294.2480759719118,H2O,1.9512774357547626,79.97976589581522,76.94565331525808
S0599,4.653491357364745,0.7521553134254955,0.1518008882528646,185,0.05749431276421255,0.3854342718086445,3.483475557183743,0.07144141014704979,40.4238796583921,79.40170066516718,71.61403739693175,7.38072622528189,121.56340399177078,1.013374567291049,215.0569222955606,9.395687182099035,28.999374134667715,47.622850275359355,66.60576612209391,480.5585710288838,KHCO3,1.1560587747332596,70.63951521759917,73.21293175573598
S0600,1.7765037090630984,0.13878537772932567,0.034095865717426024,116,0.057241158721448866,0.8330540291597502,1.6217290384752787,0.036164709484104454,27.572480664070095,81.77228954826337,68.13855225443672,4.269819356803754,67.56952660376481,1.869973462015045,255.85424898626297,6.291987553842657,24.315831632517707,54.066487113525234,64.93279473543618,119.23252491527457,K2CO3,1.4034924601572552,100.50295907263319,87.16617432157061
